split,variable,n_pixels,min,p01,p05,p25,median,mean,p75,p95,p99,max,std,quantile_method
train,S2_B1_all_t,402653184,0.09650000184774399,0.1204833984375,0.1287841796875,0.1549072265625,0.1788330078125,0.24846476572934115,0.2486572265625,0.6712646484375,0.8272705078125,1.0,0.1659026991133513,4096-bin histogram over all pixels; maximum bin error 1/4096
train,pseudo_target_B1,100663296,0.10370568186044693,0.1212158203125,0.1258544921875,0.1427001953125,0.1585693359375,0.16311231955032124,0.1790771484375,0.2073974609375,0.2386474609375,0.8122861385345459,0.03185397411127795,4096-bin histogram over all pixels; maximum bin error 1/4096
train,S2_B2_all_t,402653184,0.012199999764561653,0.0889892578125,0.0987548828125,0.1339111328125,0.1636962890625,0.22972633282579116,0.2305908203125,0.6566162109375,0.8192138671875,1.0,0.16893440649995092,4096-bin histogram over all pixels; maximum bin error 1/4096
train,pseudo_target_B2,100663296,0.03231460973620415,0.0904541015625,0.0953369140625,0.1141357421875,0.1375732421875,0.1416777798982638,0.1619873046875,0.2015380859375,0.2342529296875,0.8342776298522949,0.0374887455962013,4096-bin histogram over all pixels; maximum bin error 1/4096
train,S2_B3_all_t,402653184,9.999999747378752e-05,0.0616455078125,0.0804443359375,0.1251220703125,0.1619873046875,0.21844832135986889,0.2330322265625,0.6148681640625,0.7733154296875,1.0,0.15935572821665617,4096-bin histogram over all pixels; maximum bin error 1/4096
train,pseudo_target_B3,100663296,0.018827730789780617,0.0648193359375,0.0733642578125,0.0985107421875,0.1309814453125,0.13484739632697929,0.1627197265625,0.2142333984375,0.2535400390625,0.8168182969093323,0.04629934407152253,4096-bin histogram over all pixels; maximum bin error 1/4096
train,S2_B4_all_t,402653184,9.999999747378752e-05,0.0394287109375,0.0665283203125,0.1346435546875,0.1883544921875,0.23930467539766398,0.2755126953125,0.6512451171875,0.8258056640625,1.0,0.17073628690059967,4096-bin histogram over all pixels; maximum bin error 1/4096
train,pseudo_target_B4,100663296,0.012341715395450592,0.0421142578125,0.0535888671875,0.0943603515625,0.1488037109375,0.15047219025868755,0.1942138671875,0.2672119140625,0.3165283203125,0.9343408346176147,0.06731771880185207,4096-bin histogram over all pixels; maximum bin error 1/4096
train,S2_B5_all_t,402653184,9.999999747378752e-05,0.0396728515625,0.0841064453125,0.1470947265625,0.1986083984375,0.25194785148803733,0.2874755859375,0.6673583984375,0.8416748046875,1.0,0.17176435908976154,4096-bin histogram over all pixels; maximum bin error 1/4096
train,pseudo_target_B5,100663296,0.02550843544304371,0.0379638671875,0.0653076171875,0.1124267578125,0.1612548828125,0.1641845971890807,0.2073974609375,0.2813720703125,0.3304443359375,0.9630355834960938,0.06742201377832888,4096-bin histogram over all pixels; maximum bin error 1/4096
train,S2_B6_all_t,402653184,0.012400000356137753,0.0413818359375,0.1021728515625,0.1741943359375,0.2257080078125,0.27544962700546083,0.3111572265625,0.6785888671875,0.8509521484375,1.0,0.16897194895390885,4096-bin histogram over all pixels; maximum bin error 1/4096
train,pseudo_target_B6,100663296,0.020383503288030624,0.0347900390625,0.0770263671875,0.1466064453125,0.1898193359375,0.1911319979416698,0.2352294921875,0.3070068359375,0.3555908203125,0.9652589559555054,0.06942661369413675,4096-bin histogram over all pixels; maximum bin error 1/4096
train,S2_B7_all_t,402653184,0.00019999999494757503,0.0406494140625,0.1072998046875,0.1856689453125,0.2435302734375,0.2898372709795512,0.3316650390625,0.6893310546875,0.8646240234375,1.0,0.17020457688905372,4096-bin histogram over all pixels; maximum bin error 1/4096
train,pseudo_target_B7,100663296,0.011024772189557552,0.0330810546875,0.0806884765625,0.1573486328125,0.2042236328125,0.20554301624326518,0.2550048828125,0.3302001953125,0.3797607421875,0.9843369722366333,0.07525100896445078,4096-bin histogram over all pixels; maximum bin error 1/4096
train,S2_B8_all_t,402653184,9.999999747378752e-05,0.0347900390625,0.0999755859375,0.1768798828125,0.2354736328125,0.2809913616053649,0.3236083984375,0.6773681640625,0.8465576171875,1.0,0.16861917054567346,4096-bin histogram over all pixels; maximum bin error 1/4096
train,pseudo_target_B8,100663296,0.01697600446641445,0.0284423828125,0.0723876953125,0.1497802734375,0.1964111328125,0.19848557747102005,0.2481689453125,0.3248291015625,0.3778076171875,0.9928884506225586,0.07570955521105864,4096-bin histogram over all pixels; maximum bin error 1/4096
train,S2_B8A_all_t,402653184,9.999999747378752e-05,0.0347900390625,0.1082763671875,0.1903076171875,0.2547607421875,0.29764870913315716,0.3450927734375,0.6925048828125,0.8682861328125,1.0,0.17079242903032446,4096-bin histogram over all pixels; maximum bin error 1/4096
train,pseudo_target_B8A,100663296,0.011757955886423588,0.0279541015625,0.0799560546875,0.1622314453125,0.2127685546875,0.21416811638787203,0.2679443359375,0.3468017578125,0.3985595703125,0.997345507144928,0.08051254559047026,4096-bin histogram over all pixels; maximum bin error 1/4096
train,S2_B9_all_t,402653184,9.999999747378752e-05,0.0162353515625,0.0443115234375,0.0760498046875,0.1026611328125,0.1543580125114421,0.1658935546875,0.5067138671875,0.6160888671875,0.9661999940872192,0.13668265759298043,4096-bin histogram over all pixels; maximum bin error 1/4096
train,pseudo_target_B9,100663296,0.002621613908559084,0.0155029296875,0.0394287109375,0.0689697265625,0.0867919921875,0.0911003710883951,0.1094970703125,0.1544189453125,0.1876220703125,0.5438527464866638,0.03558613743649019,4096-bin histogram over all pixels; maximum bin error 1/4096
train,S2_B10_all_t,402653184,9.999999747378752e-05,0.0008544921875,0.0010986328125,0.0015869140625,0.0023193359375,0.02945862980001759,0.0306396484375,0.1343994140625,0.3612060546875,0.6444000005722046,0.06582212427847708,4096-bin histogram over all pixels; maximum bin error 1/4096
train,pseudo_target_B10,100663296,0.0006069875089451671,0.0013427734375,0.0013427734375,0.0018310546875,0.0028076171875,0.004539465558697908,0.0045166015625,0.0101318359375,0.0360107421875,0.30267417430877686,0.007521231740712443,4096-bin histogram over all pixels; maximum bin error 1/4096
train,S2_B11_all_t,402653184,0.0010000000474974513,0.0174560546875,0.0855712890625,0.1690673828125,0.2288818359375,0.23716193209197964,0.2982177734375,0.4146728515625,0.5067138671875,1.0,0.10108701081141404,4096-bin histogram over all pixels; maximum bin error 1/4096
train,pseudo_target_B11,100663296,0.0037831258960068226,0.0128173828125,0.0589599609375,0.1407470703125,0.2042236328125,0.2111731625797808,0.2757568359375,0.3807373046875,0.4398193359375,1.0,0.09685357784862589,4096-bin histogram over all pixels; maximum bin error 1/4096
train,S2_B12_all_t,402653184,9.999999747378752e-05,0.0115966796875,0.0633544921875,0.1329345703125,0.1939697265625,0.20029739838296434,0.2606201171875,0.3607177734375,0.4366455078125,1.0,0.09262923428842358,4096-bin histogram over all pixels; maximum bin error 1/4096
train,pseudo_target_B12,100663296,0.001823786529712379,0.0101318359375,0.0377197265625,0.1029052734375,0.1636962890625,0.16966676018435076,0.2276611328125,0.3223876953125,0.3753662109375,1.0,0.08569042713303915,4096-bin histogram over all pixels; maximum bin error 1/4096
train,S1_VV_all_t,402653184,0.0,0.3143310546875,0.4141845703125,0.5272216796875,0.5938720703125,0.5947138346696094,0.6605224609375,0.7791748046875,0.8892822265625,1.0,0.11106198757415936,4096-bin histogram over all pixels; maximum bin error 1/4096
train,S1_VH_all_t,402653184,0.0,0.0477294921875,0.1685791015625,0.2891845703125,0.3668212890625,0.36537825336869784,0.4439697265625,0.5570068359375,0.6519775390625,1.0,0.11969081240393126,4096-bin histogram over all pixels; maximum bin error 1/4096
train,cloud_probability_t0,100663296,0.015428567305207253,0.0230712890625,0.0303955078125,0.0543212890625,0.0770263671875,0.11268986580026996,0.1024169921875,0.5145263671875,0.6661376953125,0.8682889342308044,0.13287723279131494,4096-bin histogram over all pixels; maximum bin error 1/4096
train,cloud_probability_t1,100663296,0.018879199400544167,0.0335693359375,0.0496826171875,0.0736083984375,0.1082763671875,0.22023084151943895,0.3153076171875,0.6444091796875,0.6978759765625,0.8388501405715942,0.21222631378315884,4096-bin histogram over all pixels; maximum bin error 1/4096
train,cloud_probability_t2,100663296,0.0065207635052502155,0.0208740234375,0.0247802734375,0.0518798828125,0.0836181640625,0.1065023440417436,0.1036376953125,0.4371337890625,0.6351318359375,0.8683285713195801,0.12027448374730124,4096-bin histogram over all pixels; maximum bin error 1/4096
train,cloud_probability_t3,100663296,0.030900821089744568,0.0709228515625,0.0870361328125,0.1324462890625,0.3341064453125,0.3832285306711989,0.6375732421875,0.7310791015625,0.7669677734375,0.8655887842178345,0.24242967155757342,4096-bin histogram over all pixels; maximum bin error 1/4096
train,soft_cloud_mask_t0,100663296,0.0,0.0001220703125,0.0001220703125,0.0001220703125,0.0106201171875,0.16489596024629624,0.1839599609375,0.9998779296875,0.9998779296875,1.0,0.2929361209711451,4096-bin histogram over all pixels; maximum bin error 1/4096
validation,S2_B1_all_t,50331648,0.09910000115633011,0.1209716796875,0.1287841796875,0.1527099609375,0.1756591796875,0.2485843117585745,0.2464599609375,0.6947021484375,0.8289794921875,1.0,0.17083962014755164,4096-bin histogram over all pixels; maximum bin error 1/4096
validation,pseudo_target_B1,12582912,0.10613089054822922,0.1221923828125,0.1265869140625,0.1414794921875,0.1558837890625,0.16096627279543915,0.1768798828125,0.2054443359375,0.2276611328125,0.7144531607627869,0.029041255743589494,4096-bin histogram over all pixels; maximum bin error 1/4096
validation,S2_B2_all_t,50331648,0.044199999421834946,0.0897216796875,0.0994873046875,0.1317138671875,0.1595458984375,0.23005120020861924,0.2286376953125,0.6846923828125,0.8245849609375,1.0,0.17420618612928437,4096-bin histogram over all pixels; maximum bin error 1/4096
validation,pseudo_target_B2,12582912,0.06794904172420502,0.0909423828125,0.0960693359375,0.1143798828125,0.1348876953125,0.13982863710956828,0.1593017578125,0.1986083984375,0.2274169921875,0.5248058438301086,0.03477637139691051,4096-bin histogram over all pixels; maximum bin error 1/4096
validation,S2_B3_all_t,50331648,9.999999747378752e-05,0.0677490234375,0.0828857421875,0.1229248046875,0.1578369140625,0.2189736640976109,0.2318115234375,0.6422119140625,0.7799072265625,1.0,0.16401778838014644,4096-bin histogram over all pixels; maximum bin error 1/4096
validation,pseudo_target_B3,12582912,0.041608501225709915,0.0684814453125,0.0765380859375,0.0997314453125,0.1280517578125,0.13375171300585928,0.1597900390625,0.2125244140625,0.2498779296875,0.4950793385505676,0.04383038642480455,4096-bin histogram over all pixels; maximum bin error 1/4096
validation,S2_B4_all_t,50331648,0.024299999698996544,0.0484619140625,0.0697021484375,0.1326904296875,0.1829833984375,0.24012571070247601,0.2747802734375,0.6827392578125,0.8382568359375,1.0,0.17605599462027086,4096-bin histogram over all pixels; maximum bin error 1/4096
validation,pseudo_target_B4,12582912,0.0348830372095108,0.0469970703125,0.0587158203125,0.0968017578125,0.1456298828125,0.1498801706880816,0.1910400390625,0.2659912109375,0.3194580078125,0.51829594373703,0.06504637345594676,4096-bin histogram over all pixels; maximum bin error 1/4096
validation,S2_B5_all_t,50331648,0.02070000022649765,0.0587158203125,0.0892333984375,0.1448974609375,0.1927490234375,0.25309488561063687,0.2864990234375,0.6978759765625,0.8560791015625,1.0,0.17695357020941582,4096-bin histogram over all pixels; maximum bin error 1/4096
validation,pseudo_target_B5,12582912,0.03044406697154045,0.0440673828125,0.0765380859375,0.1143798828125,0.1578369140625,0.16393054848260244,0.2037353515625,0.2796630859375,0.3353271484375,0.7119181156158447,0.06432322391089025,4096-bin histogram over all pixels; maximum bin error 1/4096
validation,S2_B6_all_t,50331648,0.017899999395012856,0.0660400390625,0.1097412109375,0.1727294921875,0.2222900390625,0.2776203036702994,0.3109130859375,0.7078857421875,0.8648681640625,1.0,0.1732599787775745,4096-bin histogram over all pixels; maximum bin error 1/4096
validation,pseudo_target_B6,12582912,0.025907663628458977,0.0421142578125,0.0921630859375,0.1485595703125,0.1890869140625,0.19202436523289754,0.2320556640625,0.3043212890625,0.3602294921875,0.6941397786140442,0.0650812441205208,4096-bin histogram over all pixels; maximum bin error 1/4096
validation,S2_B7_all_t,50331648,0.016100000590085983,0.0684814453125,0.1160888671875,0.1842041015625,0.2403564453125,0.29236247764110007,0.3323974609375,0.7193603515625,0.8765869140625,1.0,0.17407099179083468,4096-bin histogram over all pixels; maximum bin error 1/4096
validation,pseudo_target_B7,12582912,0.02117990143597126,0.0408935546875,0.0972900390625,0.1593017578125,0.2037353515625,0.20694346834999658,0.2523193359375,0.3282470703125,0.3853759765625,0.6899247169494629,0.07087261511167323,4096-bin histogram over all pixels; maximum bin error 1/4096
validation,S2_B8_all_t,50331648,0.013500000350177288,0.0587158203125,0.1082763671875,0.1754150390625,0.2322998046875,0.2833168068608695,0.3243408203125,0.7047119140625,0.8602294921875,1.0,0.1724357321205736,4096-bin histogram over all pixels; maximum bin error 1/4096
validation,pseudo_target_B8,12582912,0.019845575094223022,0.0352783203125,0.0892333984375,0.1514892578125,0.1964111328125,0.19973033244464888,0.2452392578125,0.3233642578125,0.3824462890625,0.5734986066818237,0.07147878351874841,4096-bin histogram over all pixels; maximum bin error 1/4096
validation,S2_B8A_all_t,50331648,0.01080000028014183,0.0653076171875,0.1177978515625,0.1888427734375,0.2515869140625,0.29999000785802704,0.3453369140625,0.7220458984375,0.8795166015625,1.0,0.1743311631176717,4096-bin histogram over all pixels; maximum bin error 1/4096
validation,pseudo_target_B8A,12582912,0.01781107671558857,0.0357666015625,0.0980224609375,0.1639404296875,0.2125244140625,0.21553822704503553,0.2652587890625,0.3443603515625,0.4031982421875,0.6991155743598938,0.0758076690737279,4096-bin histogram over all pixels; maximum bin error 1/4096
validation,S2_B9_all_t,50331648,0.004800000227987766,0.0262451171875,0.0445556640625,0.0758056640625,0.1019287109375,0.15533847454467406,0.1651611328125,0.5050048828125,0.6151123046875,0.9645000100135803,0.13799471943576683,4096-bin histogram over all pixels; maximum bin error 1/4096
validation,pseudo_target_B9,12582912,0.0070958626456558704,0.0216064453125,0.0433349609375,0.0692138671875,0.0875244140625,0.091311081702478,0.1087646484375,0.1517333984375,0.1883544921875,0.35914409160614014,0.033574250101023495,4096-bin histogram over all pixels; maximum bin error 1/4096
validation,S2_B10_all_t,50331648,0.0003000000142492354,0.0008544921875,0.0010986328125,0.0015869140625,0.0023193359375,0.027103431247086557,0.0277099609375,0.1082763671875,0.3428955078125,0.6047000288963318,0.060477296043749906,4096-bin histogram over all pixels; maximum bin error 1/4096
validation,pseudo_target_B10,12582912,0.000791932747233659,0.0013427734375,0.0013427734375,0.0018310546875,0.0025634765625,0.003999169549613731,0.0042724609375,0.0098876953125,0.0281982421875,0.1349072903394699,0.005079331300406793,4096-bin histogram over all pixels; maximum bin error 1/4096
validation,S2_B11_all_t,50331648,0.002099999925121665,0.0426025390625,0.0950927734375,0.1658935546875,0.2213134765625,0.2350128137588814,0.2930908203125,0.4180908203125,0.5101318359375,1.0,0.09975623176177992,4096-bin histogram over all pixels; maximum bin error 1/4096
validation,pseudo_target_B11,12582912,0.006413037423044443,0.0164794921875,0.0811767578125,0.1439208984375,0.1986083984375,0.21164459257793297,0.2730712890625,0.3785400390625,0.4471435546875,0.9305368065834045,0.09269757150329312,4096-bin histogram over all pixels; maximum bin error 1/4096
validation,S2_B12_all_t,50331648,9.999999747378752e-05,0.0274658203125,0.0689697265625,0.1302490234375,0.1868896484375,0.19774182654203212,0.2559814453125,0.3609619140625,0.4429931640625,1.0,0.09151085923630156,4096-bin histogram over all pixels; maximum bin error 1/4096
validation,pseudo_target_B12,12582912,0.003841639729216695,0.0130615234375,0.0550537109375,0.1058349609375,0.1583251953125,0.1696591252009767,0.2254638671875,0.3201904296875,0.3802490234375,1.0,0.08277695770156326,4096-bin histogram over all pixels; maximum bin error 1/4096
validation,S1_VV_all_t,50331648,0.0,0.3480224609375,0.4324951171875,0.5330810546875,0.5972900390625,0.6006907578975547,0.6627197265625,0.7838134765625,0.9005126953125,1.0,0.10743262213152344,4096-bin histogram over all pixels; maximum bin error 1/4096
validation,S1_VH_all_t,50331648,0.0,0.0477294921875,0.1705322265625,0.2911376953125,0.3699951171875,0.36743209618796513,0.4456787109375,0.5572509765625,0.6551513671875,1.0,0.11957714887261667,4096-bin histogram over all pixels; maximum bin error 1/4096
validation,cloud_probability_t0,12582912,0.016075320541858673,0.0230712890625,0.0301513671875,0.0533447265625,0.0760498046875,0.10679646587609559,0.0992431640625,0.4693603515625,0.6866455078125,0.8640010356903076,0.12930160871625512,4096-bin histogram over all pixels; maximum bin error 1/4096
validation,cloud_probability_t1,12582912,0.020219849422574043,0.0330810546875,0.0487060546875,0.0706787109375,0.1011962890625,0.22663406414151557,0.3885498046875,0.6427001953125,0.6861572265625,0.8076486587524414,0.22035571358757672,4096-bin histogram over all pixels; maximum bin error 1/4096
validation,cloud_probability_t2,12582912,0.013642929494380951,0.0216064453125,0.0279541015625,0.0531005859375,0.0838623046875,0.11444187018390317,0.1055908203125,0.5687255859375,0.6514892578125,0.8615521192550659,0.13394908740995476,4096-bin histogram over all pixels; maximum bin error 1/4096
validation,cloud_probability_t3,12582912,0.034848831593990326,0.0670166015625,0.0855712890625,0.1256103515625,0.3040771484375,0.3689147077841417,0.6256103515625,0.7352294921875,0.7694091796875,0.8395702838897705,0.2433631286428127,4096-bin histogram over all pixels; maximum bin error 1/4096
validation,soft_cloud_mask_t0,12582912,0.0,0.0001220703125,0.0001220703125,0.0001220703125,0.0086669921875,0.14243147524466068,0.1580810546875,0.9998779296875,0.9998779296875,1.0,0.2666928919733416,4096-bin histogram over all pixels; maximum bin error 1/4096
test,S2_B1_all_t,50331648,0.10050000250339508,0.1199951171875,0.1280517578125,0.1536865234375,0.1815185546875,0.25641655663976914,0.2752685546875,0.6658935546875,0.8314208984375,1.0,0.17042863881562,4096-bin histogram over all pixels; maximum bin error 1/4096
test,pseudo_target_B1,12582912,0.10649746656417847,0.1209716796875,0.1253662109375,0.1417236328125,0.1578369140625,0.16349223980471686,0.1800537109375,0.2091064453125,0.2598876953125,0.8136923313140869,0.03494735852596094,4096-bin histogram over all pixels; maximum bin error 1/4096
test,S2_B2_all_t,50331648,0.05640000104904175,0.0889892578125,0.0985107421875,0.1322021484375,0.1654052734375,0.2370971997210912,0.2576904296875,0.6539306640625,0.8228759765625,1.0,0.17372148163268666,4096-bin histogram over all pixels; maximum bin error 1/4096
test,pseudo_target_B2,12582912,0.07005898654460907,0.0904541015625,0.0950927734375,0.1129150390625,0.1356201171875,0.14138442689146066,0.1619873046875,0.2025146484375,0.2469482421875,0.7319852709770203,0.04030110415997805,4096-bin histogram over all pixels; maximum bin error 1/4096
test,S2_B3_all_t,50331648,0.03999999910593033,0.0616455078125,0.0794677734375,0.1231689453125,0.1629638671875,0.22467806697194628,0.2532958984375,0.6131591796875,0.7774658203125,1.0,0.16402197811697017,4096-bin histogram over all pixels; maximum bin error 1/4096
test,pseudo_target_B3,12582912,0.04810111224651337,0.0650634765625,0.0726318359375,0.0960693359375,0.1285400390625,0.13388173552942936,0.1624755859375,0.2152099609375,0.2554931640625,0.7114959955215454,0.048626941181022024,4096-bin histogram over all pixels; maximum bin error 1/4096
test,S2_B4_all_t,50331648,0.025299999862909317,0.0350341796875,0.0640869140625,0.1314697265625,0.1910400390625,0.24529431908991695,0.2933349609375,0.6529541015625,0.8328857421875,1.0,0.17601731587238342,4096-bin histogram over all pixels; maximum bin error 1/4096
test,pseudo_target_B4,12582912,0.032161813229322433,0.0396728515625,0.0511474609375,0.0909423828125,0.1446533203125,0.1488800614055871,0.1947021484375,0.2672119140625,0.3170166015625,0.7665045261383057,0.06988740662986602,4096-bin histogram over all pixels; maximum bin error 1/4096
test,S2_B5_all_t,50331648,0.019999999552965164,0.0316162109375,0.0819091796875,0.1446533203125,0.2027587890625,0.2585149324152221,0.3050537109375,0.6705322265625,0.8492431640625,1.0,0.17685495850366262,4096-bin histogram over all pixels; maximum bin error 1/4096
test,pseudo_target_B5,12582912,0.02786850929260254,0.0345458984375,0.0572509765625,0.1090087890625,0.1597900390625,0.16327279240798362,0.2086181640625,0.2821044921875,0.3333740234375,0.8767327070236206,0.0704693363348695,4096-bin histogram over all pixels; maximum bin error 1/4096
test,S2_B6_all_t,50331648,0.003700000001117587,0.0301513671875,0.0992431640625,0.1756591796875,0.2310791015625,0.2827341419867297,0.3280029296875,0.6820068359375,0.8590087890625,1.0,0.17331389258601437,4096-bin histogram over all pixels; maximum bin error 1/4096
test,pseudo_target_B6,12582912,0.018305569887161255,0.0311279296875,0.0648193359375,0.1441650390625,0.1915283203125,0.19107552449201495,0.2362060546875,0.3074951171875,0.3597412109375,0.9138333797454834,0.07260455644300023,4096-bin histogram over all pixels; maximum bin error 1/4096
test,S2_B7_all_t,50331648,0.012799999676644802,0.0281982421875,0.1041259765625,0.1883544921875,0.2501220703125,0.2973445047075525,0.3477783203125,0.6929931640625,0.8731689453125,1.0,0.17428202969909565,4096-bin histogram over all pixels; maximum bin error 1/4096
test,pseudo_target_B7,12582912,0.021145153790712357,0.0294189453125,0.0670166015625,0.1546630859375,0.2071533203125,0.20569989463046165,0.2562255859375,0.3304443359375,0.3839111328125,0.8632252216339111,0.07837895863941698,4096-bin histogram over all pixels; maximum bin error 1/4096
test,S2_B8_all_t,50331648,0.012400000356137753,0.0230712890625,0.0968017578125,0.1802978515625,0.2420654296875,0.288588518682899,0.3397216796875,0.6807861328125,0.8529052734375,1.0,0.17241904795537105,4096-bin histogram over all pixels; maximum bin error 1/4096
test,pseudo_target_B8,12582912,0.01654776558279991,0.0247802734375,0.0577392578125,0.1478271484375,0.1998291015625,0.19887848808882072,0.2493896484375,0.3255615234375,0.3819580078125,0.7408791780471802,0.07863904076308864,4096-bin histogram over all pixels; maximum bin error 1/4096
test,S2_B8A_all_t,50331648,9.999999747378752e-05,0.0223388671875,0.1051025390625,0.1951904296875,0.2623291015625,0.30561673308278464,0.3607177734375,0.6964111328125,0.8768310546875,1.0,0.17448551677640559,4096-bin histogram over all pixels; maximum bin error 1/4096
test,pseudo_target_B8A,12582912,0.011126062832772732,0.0242919921875,0.0648193359375,0.1602783203125,0.2171630859375,0.21487536721165154,0.2698974609375,0.3472900390625,0.4036865234375,0.8317662477493286,0.08360210412133301,4096-bin histogram over all pixels; maximum bin error 1/4096
test,S2_B9_all_t,50331648,0.003800000064074993,0.0091552734375,0.0460205078125,0.0782470703125,0.1060791015625,0.16110091063995138,0.1763916015625,0.5025634765625,0.6143798828125,0.8852999806404114,0.13908525345433317,4096-bin histogram over all pixels; maximum bin error 1/4096
test,pseudo_target_B9,12582912,0.006572853773832321,0.0128173828125,0.0360107421875,0.0711669921875,0.0885009765625,0.09218052714760872,0.1102294921875,0.1549072265625,0.1951904296875,0.5334235429763794,0.03670578264733169,4096-bin histogram over all pixels; maximum bin error 1/4096
test,S2_B10_all_t,50331648,0.0003000000142492354,0.0008544921875,0.0010986328125,0.0015869140625,0.0025634765625,0.031766927644121194,0.0357666015625,0.1617431640625,0.3421630859375,0.6074000000953674,0.06611175552266506,4096-bin histogram over all pixels; maximum bin error 1/4096
test,pseudo_target_B10,12582912,0.0007732891826890409,0.0013427734375,0.0013427734375,0.0020751953125,0.0028076171875,0.004624740331221955,0.0047607421875,0.0101318359375,0.0396728515625,0.3165399432182312,0.007342152306391851,4096-bin histogram over all pixels; maximum bin error 1/4096
test,S2_B11_all_t,50331648,0.0010999999940395355,0.0074462890625,0.0809326171875,0.1649169921875,0.2286376953125,0.23696679373986104,0.3006591796875,0.4215087890625,0.5238037109375,1.0,0.10480081565074335,4096-bin histogram over all pixels; maximum bin error 1/4096
test,pseudo_target_B11,12582912,0.0035144768189638853,0.0101318359375,0.0435791015625,0.1370849609375,0.2032470703125,0.20982081805223066,0.2796630859375,0.3760986328125,0.4410400390625,0.9916583895683289,0.09861198578529876,4096-bin histogram over all pixels; maximum bin error 1/4096
test,S2_B12_all_t,50331648,9.999999747378752e-05,0.0052490234375,0.0609130859375,0.1270751953125,0.1929931640625,0.1987599698217822,0.2613525390625,0.3621826171875,0.4481201171875,1.0,0.09492130138120075,4096-bin histogram over all pixels; maximum bin error 1/4096
test,pseudo_target_B12,12582912,0.0018152198754251003,0.0076904296875,0.0286865234375,0.0999755859375,0.1580810546875,0.16676577490674208,0.2286376953125,0.3167724609375,0.3707275390625,0.9927164912223816,0.08635238176016247,4096-bin histogram over all pixels; maximum bin error 1/4096
test,S1_VV_all_t,50331648,0.0,0.3131103515625,0.4144287109375,0.5279541015625,0.5950927734375,0.5963283647821744,0.6632080078125,0.7828369140625,0.8917236328125,1.0,0.11219727432644196,4096-bin histogram over all pixels; maximum bin error 1/4096
test,S1_VH_all_t,50331648,0.0,0.0557861328125,0.1722412109375,0.2899169921875,0.3656005859375,0.364641719084011,0.4420166015625,0.5518798828125,0.6417236328125,1.0,0.11703115338270552,4096-bin histogram over all pixels; maximum bin error 1/4096
test,cloud_probability_t0,12582912,0.015989379957318306,0.0230712890625,0.0296630859375,0.0526123046875,0.0787353515625,0.12555521783849924,0.1051025390625,0.6007080078125,0.6961669921875,0.8679715394973755,0.15675373134234113,4096-bin histogram over all pixels; maximum bin error 1/4096
test,cloud_probability_t1,12582912,0.01969742216169834,0.0328369140625,0.0489501953125,0.0726318359375,0.1148681640625,0.2342587535157065,0.3841552734375,0.6588134765625,0.7159423828125,0.8075549602508545,0.22268319330725184,4096-bin histogram over all pixels; maximum bin error 1/4096
test,cloud_probability_t2,12582912,0.013802236877381802,0.0211181640625,0.0245361328125,0.0499267578125,0.0819091796875,0.10757981922392375,0.1036376953125,0.5123291015625,0.6324462890625,0.7584772109985352,0.12434874681736774,4096-bin histogram over all pixels; maximum bin error 1/4096
test,cloud_probability_t3,12582912,0.029665453359484673,0.0689697265625,0.0855712890625,0.1575927734375,0.3739013671875,0.4002736723496274,0.6383056640625,0.7249755859375,0.7662353515625,0.8383118510246277,0.2349661708074846,4096-bin histogram over all pixels; maximum bin error 1/4096
test,soft_cloud_mask_t0,12582912,0.0,0.0001220703125,0.0001220703125,0.0001220703125,0.0198974609375,0.18433383413795637,0.2052001953125,0.9998779296875,0.9998779296875,1.0,0.3129294733550604,4096-bin histogram over all pixels; maximum bin error 1/4096
