output_kind,metric,metric_group,model_key,model_name,mean,median,std,q1,q3,n_samples,direction,rank
blended,rgb_mask_mae,primary,baseline,Baseline Multi-Temporal ResUNet,0.0150885239871623,0.0111992886112559,0.0134532099773792,0.0088122193428574,0.0153757929336333,141,lower_is_better,2
blended,rgb_mask_mae,primary,gan_resnet,GAN Multi-Temporal ResUNet dengan Custom ResNet-like Discriminator,0.017444558474817,0.0144712810537644,0.0115171135243929,0.0109328785057151,0.0181268196398591,141,lower_is_better,3
blended,rgb_mask_mae,primary,conditional,GAN Multi-Temporal ResUNet dengan Conditional Patch Discriminator,0.0139589377288153,0.0103016149702567,0.0127127500413724,0.0079869461230922,0.0141865647501415,141,lower_is_better,1
blended,band13_mask_mae,primary,baseline,Baseline Multi-Temporal ResUNet,0.0185506402758215,0.0157127861955781,0.0114929630462505,0.01139413414523,0.0214925631889345,141,lower_is_better,2
blended,band13_mask_mae,primary,gan_resnet,GAN Multi-Temporal ResUNet dengan Custom ResNet-like Discriminator,0.0212572975113824,0.0188580475425204,0.0104500199446812,0.0144622236026965,0.0251728410906364,141,lower_is_better,3
blended,band13_mask_mae,primary,conditional,GAN Multi-Temporal ResUNet dengan Conditional Patch Discriminator,0.0171125538836555,0.014774435500449,0.0109309070783556,0.0103741244276732,0.0203854502861542,141,lower_is_better,1
blended,rgb_global_mae,primary,baseline,Baseline Multi-Temporal ResUNet,0.0070194734162451,0.0061493929351238,0.0041865433453333,0.0046315348263092,0.0082016236955458,192,lower_is_better,2
blended,rgb_global_mae,primary,gan_resnet,GAN Multi-Temporal ResUNet dengan Custom ResNet-like Discriminator,0.0076601606475938,0.0060932980733335,0.0056632212300674,0.0047270084331358,0.0082786487055509,192,lower_is_better,3
blended,rgb_global_mae,primary,conditional,GAN Multi-Temporal ResUNet dengan Conditional Patch Discriminator,0.0068346593392114,0.0060529715891135,0.004118682363208,0.0046098534588878,0.007457798759295,192,lower_is_better,1
blended,band13_global_mae,primary,baseline,Baseline Multi-Temporal ResUNet,0.0089121283443935,0.0080166551955665,0.0041963996886776,0.0061238819393925,0.0106715381124532,192,lower_is_better,2
blended,band13_global_mae,primary,gan_resnet,GAN Multi-Temporal ResUNet dengan Custom ResNet-like Discriminator,0.0096919843327405,0.0083312720321266,0.0056320842571631,0.0061378746351094,0.0115217184513288,192,lower_is_better,3
blended,band13_global_mae,primary,conditional,GAN Multi-Temporal ResUNet dengan Conditional Patch Discriminator,0.0087213099550507,0.0078158882249829,0.004108010955731,0.0060806036315584,0.0102206534148721,192,lower_is_better,1
blended,rgb_global_psnr,secondary,baseline,Baseline Multi-Temporal ResUNet,42.44406528917684,42.60091801612546,4.46644667227327,39.89213476792331,45.043172888926485,192,higher_is_better,2
blended,rgb_global_psnr,secondary,gan_resnet,GAN Multi-Temporal ResUNet dengan Custom ResNet-like Discriminator,41.82984477459621,42.4836401035639,5.004689446536588,39.68223040344448,44.51227279047961,192,higher_is_better,3
blended,rgb_global_psnr,secondary,conditional,GAN Multi-Temporal ResUNet dengan Conditional Patch Discriminator,42.661812060344566,42.71467812856364,4.388298594568432,40.50698221223989,45.02458264381672,192,higher_is_better,1
blended,rgb_mask_psnr,secondary,baseline,Baseline Multi-Temporal ResUNet,36.29684850529346,37.26985411274751,4.496560001860185,34.03670160028214,38.8504329702612,141,higher_is_better,2
blended,rgb_mask_psnr,secondary,gan_resnet,GAN Multi-Temporal ResUNet dengan Custom ResNet-like Discriminator,34.20933151370335,34.602173275065425,3.9053854383268303,32.56778285002116,36.7819928136726,141,higher_is_better,3
blended,rgb_mask_psnr,secondary,conditional,GAN Multi-Temporal ResUNet dengan Conditional Patch Discriminator,36.98431189536266,38.0456911740783,4.599006271094755,34.907352018002946,39.977444976092265,141,higher_is_better,1
blended,band13_global_psnr,secondary,baseline,Baseline Multi-Temporal ResUNet,38.87575398823335,38.84409187707409,4.039273924872988,36.09893767499457,41.752602429103234,192,higher_is_better,2
blended,band13_global_psnr,secondary,gan_resnet,GAN Multi-Temporal ResUNet dengan Custom ResNet-like Discriminator,38.32642223931631,38.163338889025184,4.454720928832488,35.32774530717869,41.6543442046073,192,higher_is_better,3
blended,band13_global_psnr,secondary,conditional,GAN Multi-Temporal ResUNet dengan Conditional Patch Discriminator,39.0659963518015,39.1997951816607,3.9956315129557582,36.3085045466727,41.95474403586371,192,higher_is_better,1
blended,band13_mask_psnr,secondary,baseline,Baseline Multi-Temporal ResUNet,33.55132672723306,34.0093947840461,4.047750139589238,31.156865320446823,36.37972737657503,141,higher_is_better,2
blended,band13_mask_psnr,secondary,gan_resnet,GAN Multi-Temporal ResUNet dengan Custom ResNet-like Discriminator,31.82035665615149,32.19894825027848,3.490183048136446,29.688222113554463,34.232607396004255,141,higher_is_better,3
blended,band13_mask_psnr,secondary,conditional,GAN Multi-Temporal ResUNet dengan Conditional Patch Discriminator,34.216993600253176,34.8211196072995,4.254655700779412,31.56765175803969,36.94359832168605,141,higher_is_better,1
blended,rgb_global_ssim_standard,secondary,baseline,Baseline Multi-Temporal ResUNet,0.9836021702470946,0.9911737182838048,0.0222690233403239,0.9829016267370276,0.9957520782458918,192,higher_is_better,2
blended,rgb_global_ssim_standard,secondary,gan_resnet,GAN Multi-Temporal ResUNet dengan Custom ResNet-like Discriminator,0.9774382612993356,0.9901363390205606,0.0350605144276268,0.980898386178668,0.9953361466241624,192,higher_is_better,3
blended,rgb_global_ssim_standard,secondary,conditional,GAN Multi-Temporal ResUNet dengan Conditional Patch Discriminator,0.9845395725513214,0.9912863272784732,0.0214329289685632,0.9844025081989008,0.9957481324011884,192,higher_is_better,1
blended,rgb_global_ssim_legacy_global_statistics,diagnostic,baseline,Baseline Multi-Temporal ResUNet,0.9797242371283014,0.9904539051406042,0.02671879075589,0.9754184967051585,0.9952232023726086,192,higher_is_better,2
blended,rgb_global_ssim_legacy_global_statistics,diagnostic,gan_resnet,GAN Multi-Temporal ResUNet dengan Custom ResNet-like Discriminator,0.9709582052830932,0.988703186823494,0.0468580020211889,0.9697584552158331,0.99431768906896,192,higher_is_better,3
blended,rgb_global_ssim_legacy_global_statistics,diagnostic,conditional,GAN Multi-Temporal ResUNet dengan Conditional Patch Discriminator,0.9809719368041602,0.9907056569470944,0.026282875602221,0.9772631510516836,0.9953096624550528,192,higher_is_better,1
blended,rgb_global_rmse,diagnostic,baseline,Baseline Multi-Temporal ResUNet,0.0087070908404252,0.0074123193093885,0.0056012717965741,0.0055955958462229,0.0101251142398852,192,lower_is_better,2
blended,rgb_global_rmse,diagnostic,gan_resnet,GAN Multi-Temporal ResUNet dengan Custom ResNet-like Discriminator,0.0098004988367856,0.0075130801982945,0.0077011169641649,0.0059482125321961,0.0103731977209444,192,lower_is_better,3
blended,rgb_global_rmse,diagnostic,conditional,GAN Multi-Temporal ResUNet dengan Conditional Patch Discriminator,0.008475012403003,0.0073158800753293,0.0055396475824328,0.0056075234609612,0.0094330232291288,192,lower_is_better,1
blended,band13_global_rmse,diagnostic,baseline,Baseline Multi-Temporal ResUNet,0.0126672901610249,0.0114234035181527,0.0060897386095649,0.008172931799537,0.0156710973422654,192,lower_is_better,2
blended,band13_global_rmse,diagnostic,gan_resnet,GAN Multi-Temporal ResUNet dengan Custom ResNet-like Discriminator,0.0138677134643906,0.0123554246646317,0.0078337003539374,0.0082657825529251,0.0171259051013893,192,lower_is_better,3
blended,band13_global_rmse,diagnostic,conditional,GAN Multi-Temporal ResUNet dengan Conditional Patch Discriminator,0.0123721960450886,0.0109650419343332,0.0059424760841359,0.0079847813910236,0.015295982699103,192,lower_is_better,1
blended,rgb_global_pearson,diagnostic,baseline,Baseline Multi-Temporal ResUNet,0.9748262621108346,0.9886253586175008,0.0376878378355262,0.9746746898855138,0.9950966756385567,192,higher_is_better,2
blended,rgb_global_pearson,diagnostic,gan_resnet,GAN Multi-Temporal ResUNet dengan Custom ResNet-like Discriminator,0.962482910254197,0.9851041306107025,0.0633678211890985,0.9648875299036472,0.9931600115576124,192,higher_is_better,3
blended,rgb_global_pearson,diagnostic,conditional,GAN Multi-Temporal ResUNet dengan Conditional Patch Discriminator,0.9759866446132092,0.989169638046069,0.0374648997580198,0.9757214614112506,0.995333361500384,192,higher_is_better,1
blended,band13_global_pearson,diagnostic,baseline,Baseline Multi-Temporal ResUNet,0.9850522296988958,0.9906157159794248,0.0178861932243058,0.9813842386960708,0.996094470681344,192,higher_is_better,2
blended,band13_global_pearson,diagnostic,gan_resnet,GAN Multi-Temporal ResUNet dengan Custom ResNet-like Discriminator,0.9810583969286798,0.9883448269948586,0.0261359965901778,0.9779408581781118,0.995713288151752,192,higher_is_better,3
blended,band13_global_pearson,diagnostic,conditional,GAN Multi-Temporal ResUNet dengan Conditional Patch Discriminator,0.9854908975409024,0.9912070955753502,0.0176044649395984,0.98202422224409,0.9962437222238484,192,higher_is_better,1
raw,rgb_mask_mae,raw_diagnostic,baseline,Baseline Multi-Temporal ResUNet,0.0175040489516693,0.0130809082713707,0.0148748462234566,0.0086239845116106,0.021093158849648,141,lower_is_better,1
raw,rgb_mask_mae,raw_diagnostic,gan_resnet,GAN Multi-Temporal ResUNet dengan Custom ResNet-like Discriminator,0.0248798868253232,0.0210485156802904,0.0145636514569973,0.0152615856479954,0.029440289077995,141,lower_is_better,3
raw,rgb_mask_mae,raw_diagnostic,conditional,GAN Multi-Temporal ResUNet dengan Conditional Patch Discriminator,0.017788042796718,0.0132026568766765,0.0136276645577797,0.0095065834395813,0.0217762756091292,141,lower_is_better,2
raw,band13_mask_mae,raw_diagnostic,baseline,Baseline Multi-Temporal ResUNet,0.0201628078403284,0.0148127430156592,0.0154490326301351,0.0108490039802764,0.0243437567516845,141,lower_is_better,1
raw,band13_mask_mae,raw_diagnostic,gan_resnet,GAN Multi-Temporal ResUNet dengan Custom ResNet-like Discriminator,0.0267958721606528,0.0241540845470035,0.0127882206937449,0.0180013824600535,0.0330594661408799,141,lower_is_better,3
raw,band13_mask_mae,raw_diagnostic,conditional,GAN Multi-Temporal ResUNet dengan Conditional Patch Discriminator,0.0207141868719158,0.016332713585667,0.0148516822185046,0.0118671445204394,0.0261729471086978,141,lower_is_better,2
raw,rgb_global_mae,raw_diagnostic,baseline,Baseline Multi-Temporal ResUNet,0.0231301316763584,0.0180932146011324,0.0163979206913952,0.0125473577836458,0.0250740326119303,192,lower_is_better,2
raw,rgb_global_mae,raw_diagnostic,gan_resnet,GAN Multi-Temporal ResUNet dengan Custom ResNet-like Discriminator,0.0525493446137695,0.0344297880439843,0.0434784867039248,0.0213836850955098,0.0644834733830895,192,lower_is_better,3
raw,rgb_global_mae,raw_diagnostic,conditional,GAN Multi-Temporal ResUNet dengan Conditional Patch Discriminator,0.0188435227864067,0.0164760976636035,0.0093344437559969,0.0133030093818101,0.0232348508409334,192,lower_is_better,1
raw,band13_global_mae,raw_diagnostic,baseline,Baseline Multi-Temporal ResUNet,0.0224370339982641,0.0201522721090669,0.0119127592656646,0.0131970842265274,0.0296417910596129,192,lower_is_better,2
raw,band13_global_mae,raw_diagnostic,gan_resnet,GAN Multi-Temporal ResUNet dengan Custom ResNet-like Discriminator,0.0559504304897025,0.0473862208148442,0.0330059973593045,0.0337480495641916,0.0724368539372676,192,lower_is_better,3
raw,band13_global_mae,raw_diagnostic,conditional,GAN Multi-Temporal ResUNet dengan Conditional Patch Discriminator,0.020947508489476,0.0199489194378359,0.0091821726989833,0.0139050620818721,0.0278826799186545,192,lower_is_better,1
raw,rgb_global_psnr,raw_diagnostic,baseline,Baseline Multi-Temporal ResUNet,32.170397022646014,32.459222468448104,4.876083293409736,29.498289757789067,35.43853996442742,192,higher_is_better,2
raw,rgb_global_psnr,raw_diagnostic,gan_resnet,GAN Multi-Temporal ResUNet dengan Custom ResNet-like Discriminator,25.923703164136334,26.68752052961885,6.154905978355226,21.19416386360789,31.086569003234903,192,higher_is_better,3
raw,rgb_global_psnr,raw_diagnostic,conditional,GAN Multi-Temporal ResUNet dengan Conditional Patch Discriminator,33.31896236753943,33.29074262738645,3.738022734045136,30.962964027254117,35.36197765580591,192,higher_is_better,1
raw,rgb_mask_psnr,raw_diagnostic,baseline,Baseline Multi-Temporal ResUNet,35.04148430433274,35.403788045606504,5.443752219307949,31.323934960958752,38.65653550409653,141,higher_is_better,1
raw,rgb_mask_psnr,raw_diagnostic,gan_resnet,GAN Multi-Temporal ResUNet dengan Custom ResNet-like Discriminator,31.3154892852188,31.40321499629516,4.201607631726104,28.831897982755773,34.444895880963536,141,higher_is_better,3
raw,rgb_mask_psnr,raw_diagnostic,conditional,GAN Multi-Temporal ResUNet dengan Conditional Patch Discriminator,34.8164884275743,35.310292757989814,5.268671423477106,31.624206775664344,38.24600790415305,141,higher_is_better,2
raw,band13_global_psnr,raw_diagnostic,baseline,Baseline Multi-Temporal ResUNet,31.68784778955265,31.234519692385227,4.430118475589038,28.298036014101022,35.01056396662794,192,higher_is_better,2
raw,band13_global_psnr,raw_diagnostic,gan_resnet,GAN Multi-Temporal ResUNet dengan Custom ResNet-like Discriminator,23.357781797993017,22.584340039849916,4.967878562311616,19.853904073571503,26.092415615278075,192,higher_is_better,3
raw,band13_global_psnr,raw_diagnostic,conditional,GAN Multi-Temporal ResUNet dengan Conditional Patch Discriminator,32.04175593882041,31.369681585574497,4.215294319470788,28.83614688115517,34.74307439873378,192,higher_is_better,1
raw,band13_mask_psnr,raw_diagnostic,baseline,Baseline Multi-Temporal ResUNet,33.43316660512911,33.99384917696713,5.344206026212857,29.71140208446192,36.8549600394581,141,higher_is_better,1
raw,band13_mask_psnr,raw_diagnostic,gan_resnet,GAN Multi-Temporal ResUNet dengan Custom ResNet-like Discriminator,29.90669402264224,30.06604617513204,3.7091630411381913,27.530310120169403,32.5053688077796,141,higher_is_better,3
raw,band13_mask_psnr,raw_diagnostic,conditional,GAN Multi-Temporal ResUNet dengan Conditional Patch Discriminator,33.13665590377022,33.26675123073637,5.418364467174012,29.856627785510028,36.37679670423675,141,higher_is_better,2
raw,rgb_global_ssim_standard,raw_diagnostic,baseline,Baseline Multi-Temporal ResUNet,0.8954729166074271,0.9070048981103208,0.0580513876609871,0.85282040193608,0.9441696014340332,192,higher_is_better,2
raw,rgb_global_ssim_standard,raw_diagnostic,gan_resnet,GAN Multi-Temporal ResUNet dengan Custom ResNet-like Discriminator,0.7239350795226569,0.7463391525713605,0.1593149986190969,0.590584109207287,0.858084124042344,192,higher_is_better,3
raw,rgb_global_ssim_standard,raw_diagnostic,conditional,GAN Multi-Temporal ResUNet dengan Conditional Patch Discriminator,0.910462013267295,0.922913667765562,0.0485229148099273,0.8855423074933035,0.9480342819859928,192,higher_is_better,1
raw,rgb_global_ssim_legacy_global_statistics,raw_diagnostic,baseline,Baseline Multi-Temporal ResUNet,0.8084816304431189,0.8689206118837172,0.1507400474909438,0.6904988587678974,0.9212765704950228,192,higher_is_better,2
raw,rgb_global_ssim_legacy_global_statistics,raw_diagnostic,gan_resnet,GAN Multi-Temporal ResUNet dengan Custom ResNet-like Discriminator,0.5309894707593856,0.5455655841349255,0.2835136882284925,0.2860403541223058,0.8067903230443423,192,higher_is_better,3
raw,rgb_global_ssim_legacy_global_statistics,raw_diagnostic,conditional,GAN Multi-Temporal ResUNet dengan Conditional Patch Discriminator,0.8668688270979233,0.8962725737268558,0.0927800527421255,0.8183650891490133,0.9308000999878128,192,higher_is_better,1
raw,rgb_global_rmse,raw_diagnostic,baseline,Baseline Multi-Temporal ResUNet,0.0289111589406492,0.0238253443380253,0.0174868812893067,0.0169072512405568,0.0335032932692301,192,lower_is_better,2
raw,rgb_global_rmse,raw_diagnostic,gan_resnet,GAN Multi-Temporal ResUNet dengan Custom ResNet-like Discriminator,0.0646279385592387,0.0463048608485959,0.0461693534553491,0.0279043349827245,0.0872345937727877,192,lower_is_better,3
raw,rgb_global_rmse,raw_diagnostic,conditional,GAN Multi-Temporal ResUNet dengan Conditional Patch Discriminator,0.0236065497560182,0.0216502479281371,0.0103511106230898,0.0170569471561769,0.0283052711463094,192,lower_is_better,1
raw,band13_global_rmse,raw_diagnostic,baseline,Baseline Multi-Temporal ResUNet,0.029415228850652,0.0274330485853407,0.0142153785918768,0.0177611822337325,0.0384683263718028,192,lower_is_better,2
raw,band13_global_rmse,raw_diagnostic,gan_resnet,GAN Multi-Temporal ResUNet dengan Custom ResNet-like Discriminator,0.0780956137130982,0.0742663890638571,0.0377881551067461,0.0495902149595038,0.1016965381526126,192,lower_is_better,3
raw,band13_global_rmse,raw_diagnostic,conditional,GAN Multi-Temporal ResUNet dengan Conditional Patch Discriminator,0.0277432293752943,0.027009461247158,0.0116804264575266,0.0183166655642453,0.036157022707122,192,lower_is_better,1
raw,rgb_global_pearson,raw_diagnostic,baseline,Baseline Multi-Temporal ResUNet,0.7466650413267318,0.8292180132929543,0.2091189400292189,0.6202358548962151,0.9036071368216322,192,higher_is_better,2
raw,rgb_global_pearson,raw_diagnostic,gan_resnet,GAN Multi-Temporal ResUNet dengan Custom ResNet-like Discriminator,0.4216918015675291,0.39462124538171,0.3510345206930695,0.197272470552637,0.7287208569918372,192,higher_is_better,3
raw,rgb_global_pearson,raw_diagnostic,conditional,GAN Multi-Temporal ResUNet dengan Conditional Patch Discriminator,0.8230287780371862,0.8663509447199083,0.1319476644719699,0.7539399119735721,0.9141376783801716,192,higher_is_better,1
raw,band13_global_pearson,raw_diagnostic,baseline,Baseline Multi-Temporal ResUNet,0.9094817971715212,0.9569201971669468,0.0893495582433047,0.8500889846146489,0.9754569013777884,192,higher_is_better,2
raw,band13_global_pearson,raw_diagnostic,gan_resnet,GAN Multi-Temporal ResUNet dengan Custom ResNet-like Discriminator,0.688701304720555,0.7335229048185304,0.2248645198418357,0.5871701230575919,0.8602263788931301,192,higher_is_better,3
raw,band13_global_pearson,raw_diagnostic,conditional,GAN Multi-Temporal ResUNet dengan Conditional Patch Discriminator,0.9167261580791528,0.9589120921335692,0.0796903386052739,0.8531663739731312,0.9752258002945924,192,higher_is_better,1
