output_kind,model_key,metric,n,mean,median,std,min,q1,q3,max,ci95_low,ci95_high
blended,baseline,rgb_global_mae,192,0.007019473416245131,0.00614939293512385,0.004186543345333343,0.0017992957765689,0.00463153482630925,0.0082016236955458,0.0320399318576771,0.006427283444031582,0.0076116633884586804
blended,baseline,rgb_mask_mae,141,0.015088523987162308,0.0111992886112559,0.013453209977379274,0.0031575853074038,0.0088122193428574,0.0153757929336333,0.0919254777332147,0.01286791324827791,0.017309134726046706
blended,baseline,band13_global_mae,192,0.008912128344393512,0.008016655195566501,0.004196399688677643,0.0023577498827791,0.006123881939392525,0.010671538112453274,0.0293956323123981,0.008318544184371614,0.00950571250441541
blended,baseline,band13_mask_mae,141,0.01855064027582158,0.0157127861955781,0.011492963046250524,0.0049629898998742,0.01139413414523,0.0214925631889345,0.0829280395178007,0.01665359137782489,0.020447689173818274
blended,baseline,rgb_global_psnr,192,42.44406528917684,42.60091801612546,4.46644667227327,26.65032006675408,39.89213476792331,45.043172888926485,53.87880633992204,41.81228276298011,43.07584781537357
blended,baseline,rgb_mask_psnr,141,36.29684850529346,37.26985411274751,4.496560001860185,20.57187772891901,34.03670160028214,38.8504329702612,47.567831105539526,35.554638323117004,37.03905868746992
blended,baseline,band13_global_psnr,192,38.87575398823335,38.84409187707409,4.039273924872988,27.309400876773864,36.09893767499457,41.752602429103234,48.60394140150662,38.30439539570862,39.44711258075808
blended,baseline,band13_mask_psnr,141,33.55132672723306,34.0093947840461,4.047750139589238,21.01927503544577,31.156865320446823,36.37972737657503,43.96409291488554,32.8831978982468,34.21945555621932
blended,baseline,rgb_global_ssim_standard,192,0.9836021702470946,0.9911737182838047,0.022269023340323945,0.8426191754408171,0.9829016267370275,0.9957520782458918,0.9990110933903336,0.9804521987251638,0.9867521417690255
blended,baseline,rgb_global_rmse,192,0.008707090840425253,0.00741231930938855,0.005601271796574183,0.0020232972115874,0.0055955958462229,0.010125114239885224,0.0465033239819245,0.007914786374433944,0.009499395306416561
blended,baseline,band13_global_rmse,192,0.012667290161024964,0.0114234035181527,0.00608973860956497,0.0037136667557196,0.008172931799537049,0.015671097342265475,0.0431052289505459,0.011805891665770899,0.013528688656279028
blended,baseline,rgb_global_pearson,192,0.9748262621108346,0.9886253586175008,0.037687837835526275,0.7279903991624066,0.9746746898855138,0.9950966756385567,0.998917661815602,0.9694952866975531,0.980157237524116
blended,baseline,band13_global_pearson,192,0.9850522296988958,0.9906157159794247,0.017886193224305822,0.8980720250829141,0.9813842386960709,0.9960944706813439,0.9990412059794604,0.9825222130730523,0.9875822463247393
blended,baseline,rgb_global_mse,192,0.00010702426911262355,5.494248272656114e-05,0.00020396599131722762,4.0937316064173475e-06,3.131140880438228e-05,0.00010252110094930328,0.002162559141367834,7.817311321445364e-05,0.00013587542501079347
blended,baseline,band13_global_mse,192,0.00019735200575052604,0.00013049421515793708,0.0002120992604800934,1.3791320772536941e-05,6.679926244495589e-05,0.0002456362312851886,0.0018580607628789806,0.00016735039229291593,0.00022735361920813614
blended,baseline,rgb_mask_mse,141,0.0005231124570375925,0.0001875057493530733,0.0012133529300792738,1.750720791517369e-05,0.00013030368656030006,0.0003947570001160112,0.008766217203439362,0.0003228342668419943,0.0007233906472331907
blended,baseline,rgb_mask_rmse,141,0.018065210970561595,0.013693273872711131,0.014077146108235097,0.0041841615546216295,0.011415064019106509,0.019868492648311576,0.093628079139964,0.01574161222547748,0.02038880971564571
blended,baseline,band13_mask_mse,141,0.0007322728896361749,0.00039724690440093595,0.0010669094160248491,4.014123301192217e-05,0.00023015862923374297,0.0007661494037912571,0.007908106264130512,0.0005561669260315551,0.0009083788532407947
blended,baseline,band13_mask_rmse,141,0.02362516073405662,0.0199310537704592,0.013242674109427218,0.0063357109318467305,0.015170979837628912,0.02767940396380054,0.08892753377964843,0.02143930141955947,0.02581102004855377
blended,conditional,rgb_global_mae,192,0.006834659339211476,0.0060529715891135,0.004118682363208037,0.0017933637158004,0.0046098534588878,0.007457798759295024,0.0306829167866832,0.006252068358290818,0.007417250320132133
blended,conditional,rgb_mask_mae,141,0.013958937728815308,0.0103016149702567,0.012712750041372433,0.0038574385544299,0.0079869461230922,0.0141865647501415,0.0763603291163841,0.011860548622416776,0.01605732683521384
blended,conditional,band13_global_mae,192,0.00872130995505071,0.0078158882249829,0.004108010955731038,0.0023526146022937,0.006080603631558475,0.0102206534148721,0.0287784544446067,0.008140228453425024,0.009302391456676396
blended,conditional,band13_mask_mae,141,0.01711255388365553,0.014774435500449,0.010930907078355605,0.003715906429241,0.0103741244276732,0.0203854502861542,0.0776568372714352,0.015308278942228321,0.01891682882508274
blended,conditional,rgb_global_psnr,192,42.661812060344566,42.71467812856364,4.388298594568432,26.72498329559288,40.50698221223989,45.02458264381672,53.961792983702985,42.04108364350422,43.28254047718491
blended,conditional,rgb_mask_psnr,141,36.98431189536266,38.0456911740783,4.599006271094755,21.4888242695326,34.907352018002946,39.977444976092265,45.67388013748246,36.22519174998757,37.743432040737744
blended,conditional,band13_global_psnr,192,39.0659963518015,39.1997951816607,3.9956315129557582,27.35375125048829,36.3085045466727,41.95474403586371,48.6569182931904,38.50081101405255,39.63118168955045
blended,conditional,band13_mask_psnr,141,34.216993600253176,34.8211196072995,4.254655700779412,21.499659184546903,31.56765175803969,36.94359832168605,45.595114475109256,33.51471257176313,34.919274628743224
blended,conditional,rgb_global_ssim_standard,192,0.9845395725513214,0.9912863272784732,0.02143292896856326,0.8372985417002822,0.9844025081989007,0.9957481324011884,0.9990204614808232,0.9815078672604884,0.9875712778421544
blended,conditional,rgb_global_rmse,192,0.008475012403003019,0.0073158800753293,0.00553964758243286,0.0020040582971763,0.00560752346096125,0.009433023229128874,0.0461052981916761,0.007691424732384367,0.00925860007362167
blended,conditional,band13_global_rmse,192,0.01237219604508863,0.0109650419343332,0.005942476084135959,0.0036910853305866,0.00798478139102365,0.015295982699103025,0.0428856935074196,0.01153162795421557,0.013212764135961688
blended,conditional,rgb_global_pearson,192,0.9759866446132092,0.989169638046069,0.03746489975801981,0.7250646865822412,0.9757214614112506,0.9953333615003841,0.998962896529588,0.9706872039728976,0.9812860852535207
blended,conditional,band13_global_pearson,192,0.9854908975409025,0.9912070955753502,0.017604464939598427,0.9015462258061118,0.98202422224409,0.9962437222238485,0.9990933553870722,0.9830007316108075,0.9879810634709975
blended,conditional,rgb_global_mse,192,0.00010235369882205946,5.3522220614314896e-05,0.00020183391054181686,4.016249658481172e-06,3.144435285645777e-05,8.898193319096695e-05,0.0021256985213433718,7.380412748924582e-05,0.0001309032701548731
blended,conditional,band13_global_mse,192,0.00018820033499899642,0.0001202321756287309,0.00020538795482201978,1.362411091767159e-05,6.375680199256392e-05,0.00023396990752512338,0.0018391827076123318,0.00015914804120282047,0.00021725262879517237
blended,conditional,rgb_mask_mse,141,0.00046827962484573163,0.0001568306283891392,0.0010783592853138575,2.7077713340675437e-05,0.00010052069957086239,0.0003230463200631679,0.0070976989224164734,0.0002902837254752428,0.0006462755242162204
blended,conditional,rgb_mask_rmse,141,0.016875677542103215,0.012523203599284776,0.013594181964574965,0.005203625019222219,0.010026001175486784,0.017973489368043365,0.08424784224190239,0.014631797716571467,0.019119557367634963
blended,conditional,band13_mask_mse,141,0.0006516591598190613,0.0003295247500397938,0.0009674623395898156,2.757328771323328e-05,0.00020213437120916565,0.0006970032837941531,0.0070800134307549435,0.0004919681073214271,0.0008113502123166954
blended,conditional,band13_mask_rmse,141,0.0221064590720249,0.018152816586959553,0.012811231518629281,0.00525102730075109,0.014217396780323945,0.026400819756101382,0.08414281568116759,0.019991814438035146,0.02422110370601465
blended,gan_resnet,rgb_global_mae,192,0.007660160647593894,0.00609329807333355,0.005663221230067404,0.0018085295514538,0.00472700843313585,0.008278648705550975,0.0423508245735509,0.006859093383687238,0.00846122791150055
blended,gan_resnet,rgb_mask_mae,141,0.01744455847481709,0.0144712810537644,0.011517113524392919,0.0060593346248435,0.0109328785057151,0.0181268196398591,0.0736598413098942,0.01554352325599419,0.019345593693639994
blended,gan_resnet,band13_global_mae,192,0.009691984332740563,0.00833127203212665,0.005632084257163167,0.002365781482697,0.006137874635109449,0.011521718451328801,0.0415866919262489,0.00889532141905747,0.010488647246423656
blended,gan_resnet,band13_mask_mae,141,0.021257297511382413,0.0188580475425204,0.01045001994468127,0.0063046183008627,0.0144622236026965,0.0251728410906364,0.0827578613925334,0.019532398654549445,0.02298219636821538
blended,gan_resnet,rgb_global_psnr,192,41.829844774596204,42.4836401035639,5.004689446536588,24.55521548929695,39.68223040344448,44.51227279047961,53.7474831391038,41.12192736879995,42.537762180392455
blended,gan_resnet,rgb_mask_psnr,141,34.20933151370335,34.602173275065425,3.90538543832683,22.389131532727667,32.56778285002116,36.7819928136726,41.4921472834994,33.564701655222485,34.85396137218421
blended,gan_resnet,band13_global_psnr,192,38.32642223931631,38.163338889025184,4.454720928832488,24.822194158746555,35.32774530717869,41.6543442046073,48.5038040289576,37.69629832909691,38.956546149535704
blended,gan_resnet,band13_mask_psnr,141,31.82035665615149,32.19894825027848,3.490183048136446,20.852172118968653,29.688222113554463,34.232607396004255,42.085686953030994,31.244260841814555,32.39645247048842
blended,gan_resnet,rgb_global_ssim_standard,192,0.9774382612993356,0.9901363390205606,0.035060514427626824,0.7861885072462522,0.9808983861786681,0.9953361466241625,0.9989720464181352,0.9724789229258699,0.9823975996728014
blended,gan_resnet,rgb_global_rmse,192,0.009800498836785658,0.007513080198294549,0.007701116964164923,0.0020541201509568,0.00594821253219615,0.01037319772094445,0.0591887578063506,0.008711169558466911,0.010889828115104404
blended,gan_resnet,band13_global_rmse,192,0.013867713464390648,0.0123554246646317,0.007833700353937437,0.0037567284044948,0.008265782552925125,0.0171259051013893,0.0573971451895769,0.012759630157406969,0.014975796771374327
blended,gan_resnet,rgb_global_pearson,192,0.962482910254197,0.9851041306107025,0.06336782118909853,0.5549178690474348,0.9648875299036473,0.9931600115576124,0.9988345175107995,0.9535194802419329,0.971446340266461
blended,gan_resnet,band13_global_pearson,192,0.9810583969286798,0.9883448269948586,0.026135996590177818,0.8355362048479864,0.9779408581781118,0.9957132881517521,0.9988834260569952,0.9773614388852946,0.984755354972065
blended,gan_resnet,rgb_global_mse,192,0.00015504808826592045,5.6446381842139486e-05,0.00035045770288597315,4.219409594566787e-06,3.5381251410294295e-05,0.00010761530791483125,0.003503309050658829,0.0001054755602362258,0.0002046206162956151
blended,gan_resnet,band13_global_mse,192,0.0002533607188967874,0.00015267382677097003,0.00034967374318773124,1.4113008305138046e-05,6.832353382453975e-05,0.00029335230985639833,0.0032944322759133706,0.00020389908260608214,0.0003028223551874927
blended,gan_resnet,rgb_mask_mse,141,0.000631752987983012,0.0003465633815117181,0.0009212963487637837,7.092270179342595e-05,0.00020979769801662273,0.0005536326763341926,0.0057688181205651215,0.0004796821759463459,0.000783823800019678
blended,gan_resnet,rgb_mask_rmse,141,0.02184135761639574,0.018616212867060746,0.012482513497248018,0.008421561719385897,0.01448439498276068,0.02352940025445172,0.07595273609663526,0.01978097176299229,0.02390174346979919
blended,gan_resnet,band13_mask_mse,141,0.000935386259270007,0.0006027055282052078,0.0010276974195726897,6.186304668379965e-05,0.00037734557401146343,0.0010744291651327317,0.00821831509034515,0.000765752697461031,0.001105019821078983
blended,gan_resnet,band13_mask_rmse,141,0.027891880015001765,0.024550061674163015,0.012591814143188449,0.007865306521922693,0.019425384784128818,0.03277848631545898,0.09065492314455487,0.025813452802803616,0.029970307227199913
raw,baseline,rgb_global_mae,192,0.023130131676358422,0.0180932146011324,0.01639792069139525,0.0054256364147325,0.012547357783645824,0.025074032611930325,0.0790570080269503,0.020810632414653262,0.025449630938063583
raw,baseline,rgb_mask_mae,141,0.017504048951669314,0.0130809082713707,0.014874846223456618,0.0032987444887035,0.0086239845116106,0.021093158849648,0.0988084863871336,0.015048780408429318,0.019959317494909312
raw,baseline,band13_global_mae,192,0.022437033998264116,0.0201522721090669,0.011912759265664603,0.0045973804912325,0.013197084226527475,0.0296417910596129,0.0621914130920454,0.020751964479902563,0.024122103516625668
raw,baseline,band13_mask_mae,141,0.02016280784032844,0.0148127430156592,0.015449032630135116,0.0032441239267218,0.0108490039802764,0.0243437567516845,0.0945972873653461,0.017612763068743265,0.022712852611913616
raw,baseline,rgb_global_psnr,192,32.170397022646014,32.459222468448104,4.876083293409736,21.13561610632137,29.498289757789067,35.43853996442742,43.936278012747294,31.480671062145934,32.8601229831461
raw,baseline,rgb_mask_psnr,141,35.04148430433274,35.403788045606504,5.443752219307949,19.92275732071312,31.323934960958752,38.65653550409653,47.383649450786976,34.14292889202988,35.9400397166356
raw,baseline,band13_global_psnr,192,31.68784778955265,31.234519692385227,4.430118475589038,22.75712240705015,28.298036014101022,35.01056396662794,45.2126071077814,31.061203916418947,32.31449166268635
raw,baseline,band13_mask_psnr,141,33.43316660512911,33.99384917696713,5.344206026212857,19.76929766390439,29.71140208446192,36.8549600394581,47.601723376030414,32.551042464305226,34.31529074595299
raw,baseline,rgb_global_ssim_standard,192,0.8954729166074271,0.9070048981103208,0.05805138766098712,0.7111614060672508,0.85282040193608,0.9441696014340333,0.9933385287200466,0.8872615004556661,0.9036843327591881
raw,baseline,rgb_global_rmse,192,0.028911158940649277,0.0238253443380253,0.017486881289306706,0.0063560323560501,0.01690725124055685,0.033503293269230176,0.0877443567818039,0.026437625313830555,0.031384692567468
raw,baseline,band13_global_rmse,192,0.029415228850652075,0.02743304858534075,0.014215378591876899,0.0054874382302607,0.017761182233732548,0.03846832637180285,0.0728020954386552,0.027404451949772195,0.031426005751531955
raw,baseline,rgb_global_pearson,192,0.7466650413267318,0.8292180132929543,0.2091189400292189,-0.0244933587379098,0.6202358548962151,0.9036071368216322,0.990449290632601,0.7170849966286947,0.7762450860247689
raw,baseline,band13_global_pearson,192,0.9094817971715212,0.9569201971669468,0.08934955824330479,0.6567362260408063,0.8500889846146489,0.9754569013777884,0.9956224509757112,0.8968432292531034,0.922120365089939
raw,baseline,rgb_global_mse,192,0.001140053466969736,0.0005676478417874613,0.001460792024126007,4.0399147311155784e-05,0.0002858551504510349,0.0011224809539667683,0.0076990721470524956,0.0009334232432217298,0.0013466836907177421
raw,baseline,band13_global_mse,192,0.0010662801925314682,0.000752572353168208,0.0010077345262675447,3.0111978330926684e-05,0.00031545969393444027,0.0014798469688225991,0.0053001451002590615,0.0009237353215284677,0.0012088250635344687
raw,baseline,rgb_mask_mse,141,0.0007212645761460011,0.000288151706183895,0.001330603797987824,1.826564677534345e-05,0.0001362531180580876,0.0007372359487143923,0.010179448931392013,0.0005016327493938461,0.0009408964028981561
raw,baseline,rgb_mask_rmse,141,0.02169773710341089,0.01697503184632933,0.015882753918267697,0.004273832796839793,0.011672751092098537,0.027152089214540976,0.10089325513329428,0.01907610152548809,0.02431937268133369
raw,baseline,band13_mask_mse,141,0.0010221709552914267,0.0003986714009748901,0.0017629379576644775,1.737111367961988e-05,0.00020630226496204526,0.0010687097992437746,0.01054557424429104,0.0007311772840888545,0.001313164626493999
raw,baseline,band13_mask_rmse,141,0.025965940730964737,0.019966757397606904,0.01871967332054147,0.004167866802048727,0.01436322613349958,0.032691127225040355,0.10269164641922458,0.02287603819663293,0.029055843265296543
raw,conditional,rgb_global_mae,192,0.01884352278640677,0.016476097663603598,0.009334443755996936,0.0038386195998706,0.01330300938181015,0.02323485084093345,0.0663259586242854,0.01752315810066801,0.020163887472145533
raw,conditional,rgb_mask_mae,141,0.017788042796718095,0.0132026568766765,0.01362766455777971,0.0031492549197867,0.0095065834395813,0.0217762756091292,0.0772610023617744,0.015538636274869172,0.02003744931856702
raw,conditional,band13_global_mae,192,0.020947508489476064,0.019948919437835902,0.009182172698983311,0.00345813929695,0.013905062081872126,0.02788267991865455,0.0422595851435406,0.01964868266899767,0.022246334309954457
raw,conditional,band13_mask_mae,141,0.020714186871915893,0.016332713585667,0.014851682218504622,0.0031191256626804,0.0118671445204394,0.0261729471086978,0.0854050143967037,0.0182627418204848,0.023165631923346985
raw,conditional,rgb_global_psnr,192,33.31896236753943,33.29074262738645,3.738022734045136,23.0733171001056,30.962964027254113,35.36197765580591,44.44994316997493,32.79021600176364,33.847708733315216
raw,conditional,rgb_mask_psnr,141,34.8164884275743,35.310292757989814,5.268671423477106,21.985107573116927,31.624206775664344,38.24600790415305,47.85060909541894,33.946832162467395,35.686144692681204
raw,conditional,band13_global_psnr,192,32.04175593882041,31.369681585574497,4.215294319470788,25.26999725867514,28.836146881155166,34.74307439873378,47.152038284636085,31.445499117855718,32.6380127597851
raw,conditional,band13_mask_psnr,141,33.13665590377022,33.26675123073637,5.418364467174012,19.8975877737702,29.856627785510028,36.37679670423675,47.68640350852551,32.24229103893666,34.031020768603774
raw,conditional,rgb_global_ssim_standard,192,0.910462013267295,0.922913667765562,0.048522914809927375,0.7276760406722533,0.8855423074933035,0.9480342819859927,0.9947403427811452,0.9035984073750877,0.9173256191595024
raw,conditional,rgb_global_rmse,192,0.023606549756018235,0.0216502479281371,0.010351110623089849,0.0059910485842085,0.017056947156176977,0.02830527114630945,0.070199520389551,0.022142376712378366,0.025070722799658104
raw,conditional,band13_global_rmse,192,0.02774322937529433,0.02700946124715805,0.011680426457526647,0.0043893285085419,0.018316665564245323,0.036157022707122045,0.0545130067735578,0.026091023522216185,0.029395435228372478
raw,conditional,rgb_global_pearson,192,0.8230287780371862,0.8663509447199083,0.13194766447196998,0.3334067690485441,0.7539399119735721,0.9141376783801715,0.9922121534584316,0.8043646732347368,0.8416928828396356
raw,conditional,band13_global_pearson,192,0.9167261580791527,0.9589120921335692,0.07969033860527393,0.6758792418376107,0.8531663739731312,0.9752258002945923,0.9952978885330296,0.9054538946599887,0.9279984214983167
raw,conditional,rgb_global_mse,192,0.0006638566330818317,0.00046873324704275283,0.0006628625725000288,3.589266313834667e-05,0.00029093969634787535,0.0008012460121329558,0.004927972662922987,0.00057009418133802,0.0007576190848256435
raw,conditional,band13_global_mse,192,0.0009054085531799366,0.0007295109994117279,0.0006866944591145825,1.926620475589866e-05,0.00033550044713875617,0.0013073303274163703,0.0029716679074939583,0.0008082750616288336,0.0010025420447310395
raw,conditional,rgb_mask_mse,141,0.000698853874035851,0.00029442231569722245,0.0010714249953696286,1.640359697597335e-05,0.0001497611649233934,0.0006879855590937034,0.006331246792553645,0.0005220025608825242,0.0008757051871891778
raw,conditional,rgb_mask_rmse,141,0.021925172564887293,0.017158738756016492,0.014822241050684326,0.004050135426868261,0.01223769442842047,0.026229478818567926,0.07956913215910831,0.01947858712491971,0.024371758004854877
raw,conditional,band13_mask_mse,141,0.0010541056616177665,0.0004713297759831116,0.0017128552448995747,1.7035686884269568e-05,0.00023031399551041662,0.001033563636873007,0.010238615235306668,0.0007713787319575628,0.0013368325912779702
raw,conditional,band13_mask_rmse,141,0.026765864903962263,0.021710130722386534,0.01844196948655927,0.004127431027197132,0.015176099482753025,0.0321490845417565,0.10118604269021823,0.023721800657816483,0.029809929150108043
raw,gan_resnet,rgb_global_mae,192,0.05254934461376957,0.03442978804398435,0.043478486703924804,0.006158337387679,0.021383685095509898,0.06448347338308953,0.1648554723121075,0.04639927719316477,0.058699412034374364
raw,gan_resnet,rgb_mask_mae,141,0.02487988682532329,0.0210485156802904,0.014563651456997347,0.0057545242371242,0.0152615856479954,0.029440289077995,0.0945180004078244,0.0224759846430816,0.02728378900756498
raw,gan_resnet,band13_global_mae,192,0.05595043048970255,0.047386220814844254,0.0330059973593045,0.0063872560558119,0.0337480495641916,0.07243685393726762,0.1503939336056039,0.05128170523193725,0.06061915574746785
raw,gan_resnet,band13_mask_mae,141,0.026795872160652847,0.0241540845470035,0.01278822069374494,0.0060879696844324,0.0180013824600535,0.0330594661408799,0.0941031267084962,0.024685025734297903,0.02890671858700779
raw,gan_resnet,rgb_global_psnr,192,25.923703164136338,26.687520529618855,6.154905978355226,13.763124211977464,21.194163863607894,31.086569003234906,40.533755072598126,25.05308669139348,26.794319636879194
raw,gan_resnet,rgb_mask_psnr,141,31.3154892852188,31.40321499629516,4.2016076317261035,19.821735213032184,28.831897982755773,34.444895880963536,42.32692024166085,30.621964465248126,32.00901410518947
raw,gan_resnet,band13_global_psnr,192,23.357781797993017,22.584340039849913,4.967878562311616,14.669068128357337,19.853904073571506,26.092415615278075,40.2447603187978,22.655071321806282,24.06049227417975
raw,gan_resnet,band13_mask_psnr,141,29.90669402264224,30.06604617513204,3.709163041138191,18.728214916947373,27.530310120169403,32.5053688077796,42.70005104667063,29.294452981636123,30.51893506364836
raw,gan_resnet,rgb_global_ssim_standard,192,0.7239350795226569,0.7463391525713605,0.15931499861909698,0.3560113981094024,0.590584109207287,0.858084124042344,0.9848395374147682,0.7013998429746802,0.7464703160706336
raw,gan_resnet,rgb_global_rmse,192,0.06462793855923875,0.04630486084859595,0.04616935345534915,0.0094039918997975,0.027904334982724578,0.08723459377278775,0.2050424532670337,0.05809724584102833,0.07115863127744917
raw,gan_resnet,band13_global_rmse,192,0.07809561371309824,0.07426638906385716,0.03778815510674618,0.0097221425382012,0.0495902149595038,0.10169653815261262,0.1847338977310849,0.07275044833994873,0.08344077908624775
raw,gan_resnet,rgb_global_pearson,192,0.4216918015675291,0.39462124538171006,0.35103452069306956,-0.791786274071313,0.19727247055263702,0.7287208569918372,0.9760165414692702,0.37203768218836536,0.47134592094669286
raw,gan_resnet,band13_global_pearson,192,0.688701304720555,0.7335229048185304,0.2248645198418357,-0.1140491556205273,0.5871701230575919,0.8602263788931301,0.9851753198584682,0.6568940349103944,0.7205085745307156
raw,gan_resnet,rgb_global_mse,192,0.006297277509659592,0.0021441659087042555,0.008434918145293405,8.8435063651457e-05,0.0007786523660081793,0.007624235215571997,0.042042407641763695,0.005104151455524078,0.007490403563795106
raw,gan_resnet,band13_global_mse,192,0.007519432335792945,0.005515733022163984,0.0068296423342410284,9.452005553310128e-05,0.002459378068873898,0.010342251393842145,0.034126612970918936,0.0065533738549579295,0.008485490816627961
raw,gan_resnet,rgb_mask_mse,141,0.0011993497123940803,0.0007238998728900836,0.0014660658323912316,5.852049295891561e-05,0.0003593440116711492,0.0013086099005736908,0.010419010571870686,0.0009573582815910612,0.0014413411431970994
raw,gan_resnet,rgb_mask_rmse,141,0.03062243572213475,0.026905387432447123,0.016232215793672813,0.0076498688197194345,0.018956371268551087,0.036174713552061345,0.10207355471360192,0.027943117346228414,0.03330175409804109
raw,gan_resnet,band13_mask_mse,141,0.0014844671988695996,0.000984907359176311,0.0016607914783505404,5.370254841730547e-05,0.0005616465806683602,0.0017659117162991747,0.013402274486706667,0.0012103340070087724,0.0017586003907304267
raw,gan_resnet,band13_mask_rmse,141,0.03502436960500668,0.03138323372720394,0.01611216561272196,0.0073282022636732315,0.023699083962642104,0.042022752364631884,0.11576819289730088,0.03236486692524072,0.03768387228477264
