model_key,model_name,output_kind,band_index,band,global_mae_mean,global_mae_median,global_rmse_mean,global_psnr_mean,global_bias_mean,mask_mae_mean,mask_mae_median,mask_rmse_mean,mask_psnr_mean,mask_bias_mean,n_samples,n_mask_valid
baseline,Baseline Multi-Temporal ResUNet,blended,0,B1,0.0067761734341426445,0.00579434260725975,0.00837401500211854,43.05858411350443,-0.0014574754459317774,0.013214564170516658,0.008861965499818325,0.015752587409058477,38.25200564585589,0.0012253115543144498,192,141
baseline,Baseline Multi-Temporal ResUNet,blended,1,B2,0.006767339621243688,0.005912956316024065,0.008129477667049892,43.22003567647678,-0.001004233505227603,0.012595083193807262,0.009223435074090958,0.01472798213641261,38.51993616445878,0.004045713212380701,192,141
baseline,Baseline Multi-Temporal ResUNet,blended,2,B3,0.006741581848473288,0.005855928640812635,0.008127651843096828,42.98101892417717,-0.00043181174017566565,0.014042762532526402,0.010624165646731853,0.016268797189648156,37.39765473520707,0.007443875369707912,192,141
baseline,Baseline Multi-Temporal ResUNet,blended,3,B4,0.0075494764460017905,0.006432440597563982,0.009565107329156794,41.788136193123925,-0.0005076082610078932,0.01863214633830473,0.014632719568908215,0.021474264824856548,34.909529690651006,0.008665400208283632,192,141
baseline,Baseline Multi-Temporal ResUNet,blended,4,B5,0.008100317410329202,0.00696577038615942,0.010124266323449168,40.910438042868954,-0.001240258559846552,0.018325005628247844,0.015348564833402634,0.020939124416727253,34.83221921730548,0.007927474995859543,192,141
baseline,Baseline Multi-Temporal ResUNet,blended,5,B6,0.010625034400921626,0.00841490039601922,0.013449097195310364,38.51530959486265,-0.002703892872280752,0.01920075078514662,0.0156831294298172,0.021799358361163094,34.37184076054131,0.010459083508318687,192,141
baseline,Baseline Multi-Temporal ResUNet,blended,6,B7,0.011621874324191594,0.00909167155623436,0.014969968504980594,37.69617190649311,-0.003264998518716311,0.0204975308341813,0.017854908481240273,0.02340814153772778,33.60560792391029,0.008343258929597412,192,141
baseline,Baseline Multi-Temporal ResUNet,blended,7,B8,0.012196904710435774,0.010095695499330759,0.01575553357542958,37.12772871219291,-0.0035739138741822294,0.0233652859939434,0.020288726314902306,0.02660601655015317,32.36953281362011,0.009074034686992936,192,141
baseline,Baseline Multi-Temporal ResUNet,blended,8,B8A,0.012155024492434071,0.009913031477481127,0.015827505235696055,37.239202384062345,-0.002980524940843073,0.022229757836973625,0.01890932023525238,0.025259859425045057,32.89717920385748,0.010645035613617812,192,141
baseline,Baseline Multi-Temporal ResUNet,blended,9,B9,0.010125141795773137,0.009762144647538662,0.012241542567304956,39.41270761689037,-0.0036328252936073113,0.016893110713584625,0.012008468620479107,0.019154032361648008,35.77566153276285,0.005125081466190647,192,141
baseline,Baseline Multi-Temporal ResUNet,blended,10,B10,0.0017210325693213235,0.0012053631944581866,0.002387724505751976,56.38306348829919,-0.0004019968965091418,0.00599905635405279,0.004805393982678652,0.006937879254400332,45.65369947462331,0.0015929347842395906,192,141
baseline,Baseline Multi-Temporal ResUNet,blended,11,B11,0.011373201895063781,0.008515133056789637,0.015686748027898528,37.98238707351695,0.0008374078423306249,0.03017854768822485,0.021161986514925957,0.03460077611305933,31.046893854356114,0.01582931547676682,192,141
baseline,Baseline Multi-Temporal ResUNet,blended,12,B12,0.0101045310026772,0.007919072173535824,0.013870712620700942,39.22265515775073,0.0010339635394605768,0.025986627898515857,0.018080538138747215,0.02993014572608337,32.372381331108805,0.012174350843471326,192,141
baseline,Baseline Multi-Temporal ResUNet,raw,0,B1,0.028621144670372207,0.013709128368645906,0.033623624072788516,32.65327222223076,0.020437110501006828,0.016828039479408915,0.008625726215541363,0.019276787990739862,37.51777684967076,0.005110819638890036,192,141
baseline,Baseline Multi-Temporal ResUNet,raw,1,B2,0.020275425956545707,0.013902843929827213,0.02606559566629585,33.92467358072722,0.012807346029148903,0.014566842535946598,0.010232778266072273,0.017402086261734014,37.57056222879067,-0.002245092956251828,192,141
baseline,Baseline Multi-Temporal ResUNet,raw,2,B3,0.024483086766849738,0.015337264630943537,0.02841274314171945,33.167691165199464,0.01610540196270449,0.015720737544846132,0.010251483879983425,0.01867971127024093,36.80065272172035,-0.002756787480432243,192,141
baseline,Baseline Multi-Temporal ResUNet,raw,3,B4,0.0246318678012661,0.024815509095788002,0.029276127376457833,31.521516265691577,-0.0031502385609201156,0.02221838465284107,0.01810419000685215,0.02597260443406723,33.60002450374871,-0.010452008472610238,192,141
baseline,Baseline Multi-Temporal ResUNet,raw,4,B5,0.021618157068587607,0.017435824498534203,0.02591940491765854,33.01324085066712,0.004552882609762794,0.02071685732031862,0.013962103053927422,0.023986317716235255,34.57720084103379,-0.008976530820201068,192,141
baseline,Baseline Multi-Temporal ResUNet,raw,5,B6,0.018417992726123582,0.016604903154075146,0.02329268416603251,33.56983410981121,0.0046637466390772415,0.017783400118813342,0.012225672602653503,0.020749323154150495,35.621623906968146,-0.002474643487370976,192,141
baseline,Baseline Multi-Temporal ResUNet,raw,6,B7,0.02191074819226439,0.019875917583703995,0.02774091871348598,32.251831812514276,0.009797263766813558,0.020619359748365346,0.014825107529759407,0.02383070097729929,34.181258223887525,-0.0067180037018157715,192,141
baseline,Baseline Multi-Temporal ResUNet,raw,7,B8,0.02212231411249377,0.0196802020072937,0.028364081314066425,31.891562206232972,0.0028136558800421576,0.02232349783938431,0.015113351866602898,0.02624826721324129,33.48887262335871,-0.009294450808983586,192,141
baseline,Baseline Multi-Temporal ResUNet,raw,8,B8A,0.022548668952367734,0.02096661552786827,0.028357918786544662,31.86221241794625,0.007113667301685685,0.021484923175806907,0.016110632568597794,0.02488126927909055,33.697796588651656,-0.004813085857968801,192,141
baseline,Baseline Multi-Temporal ResUNet,raw,9,B9,0.01613924243186678,0.01486020814627409,0.020066395811833598,34.486702816144025,0.0031891713269942557,0.02118944979754957,0.015179549343883991,0.023987534018648837,34.4872172329489,0.007416812834496683,192,141
baseline,Baseline Multi-Temporal ResUNet,raw,10,B10,0.00939794396678432,0.007850839523598552,0.010927052836753623,40.64106338681969,0.008862337825424524,0.008395262407667354,0.006995229981839657,0.009227158480215688,42.97728622860658,0.005835094587485832,192,141
baseline,Baseline Multi-Temporal ResUNet,raw,11,B11,0.030299014404590707,0.028911822475492954,0.03673054087388058,29.81408831190922,-0.015737105851561257,0.03129700998650164,0.02053179033100605,0.036087790722862445,31.521560728128005,-0.012805839781715463,192,141
baseline,Baseline Multi-Temporal ResUNet,raw,12,B12,0.03121577262087764,0.03047783672809601,0.0375154498348517,29.664723022970406,-0.014426741114220931,0.02898805086824594,0.01831667125225067,0.03344061345906529,32.17868073508859,-0.01253357273856746,192,141
conditional,Conditional GAN dengan Patch Discriminator,blended,0,B1,0.006681199059433614,0.005607824306935072,0.00827713827614692,43.16420868824975,-0.0016760720172896981,0.011802765070163507,0.00882322620600462,0.014390166913986506,38.891991350998175,0.0005099809812055735,192,141
conditional,Conditional GAN dengan Patch Discriminator,blended,1,B2,0.006647703989680546,0.005859130993485451,0.007963365582327242,43.37479598313268,-0.0010330349468858913,0.011940698038641336,0.008816503919661045,0.01403640853059155,38.782066160096576,0.00509174759384655,192,141
conditional,Conditional GAN dengan Patch Discriminator,blended,2,B3,0.00651233517419314,0.005803672596812248,0.007862181926611811,43.24911797140562,-0.0009558467912332466,0.012431043201846117,0.009139708243310452,0.01466033679238641,38.359376686734436,0.005919870071411166,192,141
conditional,Conditional GAN dengan Patch Discriminator,blended,3,B4,0.007343923215861044,0.006317237624898553,0.009306519024297208,42.01436617465078,-0.0008155873062302513,0.01750674428325807,0.0126953125,0.020301045911430726,35.60700153727171,0.007352173990976224,192,141
conditional,Conditional GAN dengan Patch Discriminator,blended,4,B5,0.00796539721704903,0.006768843159079552,0.009929376141371904,41.11425942183373,-0.0016622818778463018,0.016889660559753154,0.013719553127884865,0.019498338447095236,35.77922415773023,0.0066029840503598015,192,141
conditional,Conditional GAN dengan Patch Discriminator,blended,5,B6,0.01040495756387827,0.008185775019228458,0.01316161586146336,38.720128340760624,-0.0030781787075587395,0.017703872789952453,0.013887646608054638,0.020346532848747757,35.136615447605244,0.008331522994651211,192,141
conditional,Conditional GAN dengan Patch Discriminator,blended,6,B7,0.011408071324694902,0.0089506721124053,0.014638921562436735,37.89628569051735,-0.003391743820733003,0.019253072766455034,0.015249177813529968,0.02216515734301852,34.230412679744674,0.00779464919809896,192,141
conditional,Conditional GAN dengan Patch Discriminator,blended,7,B8,0.011975449745174652,0.010181185323745012,0.015416411431942834,37.324798396732994,-0.003745921612183641,0.021405381887015087,0.017920242622494698,0.02471652199406052,33.19246258678472,0.007440055676439533,192,141
conditional,Conditional GAN dengan Patch Discriminator,blended,8,B8A,0.01190624171795207,0.009284221567213535,0.015449774217510518,37.45169608993654,-0.0033339042784064077,0.020238379928025792,0.01628766767680645,0.023331941016300144,33.696665238266704,0.00844920983352056,192,141
conditional,Conditional GAN dengan Patch Discriminator,blended,9,B9,0.010073876270325854,0.009473843965679407,0.012195300799551964,39.45407254256502,-0.00373636470612837,0.016236778754899477,0.012496309354901314,0.01853845228607416,35.95611931977343,0.0039578774520394175,192,141
conditional,Conditional GAN dengan Patch Discriminator,blended,10,B10,0.0017200698189299146,0.0012182752834632993,0.0023762878794286735,56.51520500619159,-0.00045871454688040103,0.005267960056150663,0.004300976637750864,0.0061920922075497115,46.34949571869219,0.0013242149825149268,192,141
conditional,Conditional GAN dengan Patch Discriminator,blended,11,B11,0.01090770292224382,0.008261051028966904,0.01505728669144446,38.28315698195931,0.0006339697595952506,0.02769088286226153,0.020052121952176094,0.032150158124891776,31.904111969508165,0.011391787476966796,192,141
conditional,Conditional GAN dengan Patch Discriminator,blended,12,B12,0.009830081338198701,0.007868590299040079,0.013448769813597513,39.406971736549025,0.0006060991687869924,0.02409267024193223,0.018110986799001694,0.028130490792395674,32.99138877524681,0.007942765563724774,192,141
conditional,Conditional GAN dengan Patch Discriminator,raw,0,B1,0.018806879694845218,0.015189188998192549,0.023331529553009506,34.23542238051909,0.0034456737642661515,0.015369917863834622,0.009350916370749474,0.017723157372079364,37.69264420345425,0.0042406190822449966,192,141
conditional,Conditional GAN dengan Patch Discriminator,raw,1,B2,0.015559762386449924,0.01414074469357729,0.01916632534994278,35.36908183155205,-0.000604202039539814,0.014569578923496371,0.009510358795523643,0.01730607543227555,37.37280259076251,-0.0003055359407777837,192,141
conditional,Conditional GAN dengan Patch Discriminator,raw,2,B3,0.016673697073808096,0.014797506388276815,0.0205047029958223,34.70110483861351,-0.0023733220477879513,0.015309829534038056,0.01020774058997631,0.018252699486301375,36.950033866096746,-0.005013365323227213,192,141
conditional,Conditional GAN dengan Patch Discriminator,raw,3,B4,0.0242971136867709,0.022542666643857956,0.02888075099084138,31.704915027076883,-0.011566271788372736,0.023474543074687534,0.020008394494652748,0.026942797026167198,33.07650030954266,-0.012287516233384121,192,141
conditional,Conditional GAN dengan Patch Discriminator,raw,4,B5,0.020495878135989187,0.018665499985218048,0.02476405455066318,33.246500484667415,-0.007205954786210593,0.021272551081744386,0.015116323716938496,0.024505731548558587,34.42256489623269,-0.010882459618429454,192,141
conditional,Conditional GAN dengan Patch Discriminator,raw,5,B6,0.020241124293534085,0.017921525985002518,0.02513652847483172,33.19213300869915,-0.005089459524848887,0.019354375317058664,0.013316321186721325,0.02231445312383679,34.9998486620864,-0.005970929347827772,192,141
conditional,Conditional GAN dengan Patch Discriminator,raw,6,B7,0.02049221007837332,0.018428316339850426,0.025832159399821347,32.814344185497426,-0.005044052571368714,0.020836608111197856,0.014273743145167828,0.024025448193497806,34.18493229661188,-0.007840527603909471,192,141
conditional,Conditional GAN dengan Patch Discriminator,raw,7,B8,0.025156523928065628,0.022416708059608936,0.031196726728618767,31.57095788002627,-0.013052794927716604,0.023506777001056054,0.016455087810754776,0.027433974767309032,33.1082497186254,-0.012127570928735345,192,141
conditional,Conditional GAN dengan Patch Discriminator,raw,8,B8A,0.023378421000719147,0.019010335206985474,0.02980124983393277,31.91310227550124,-0.007389641523938432,0.022068499873147893,0.01722818985581398,0.025609957256117182,33.586237842860896,-0.008582861611044946,192,141
conditional,Conditional GAN dengan Patch Discriminator,raw,9,B9,0.016843856690684333,0.014874390326440334,0.02072270634380402,34.309677071924945,-0.003588762214349117,0.0195128432266969,0.014696300029754639,0.02233569086951805,35.07280836844784,0.0054992901083702845,192,141
conditional,Conditional GAN dengan Patch Discriminator,raw,10,B10,0.005782802169051138,0.005927314981818199,0.006971660150763152,43.81292999871339,0.005098650584007676,0.007477743788919551,0.006878074258565903,0.008318364521573009,43.29592355122806,0.005410710472570433,192,141
conditional,Conditional GAN dengan Patch Discriminator,raw,11,B11,0.03162616540309197,0.03000873513519764,0.03805165501883797,29.621149396871573,-0.020121096932598448,0.03449805869707666,0.027487071231007576,0.03918785142841509,30.758797814720413,-0.02069783438796323,192,141
conditional,Conditional GAN dengan Patch Discriminator,raw,12,B12,0.03296306730893169,0.03152855113148689,0.03905929162647226,29.429393131406062,-0.019335284687258536,0.032047358883135285,0.021525802090764046,0.03651684546227244,31.311598095341175,-0.01993371669154743,192,141
gan_resnet,GAN Multi-Temporal ResUNet dengan Custom ResNet-like Discriminator,blended,0,B1,0.0072221486528481664,0.00586280133575201,0.009090237393441688,42.55289859310946,-0.0022764183765199655,0.01560653865268018,0.011406329460442066,0.018780192699933296,36.62806770841455,-0.002615648217441255,192,141
gan_resnet,GAN Multi-Temporal ResUNet dengan Custom ResNet-like Discriminator,blended,1,B2,0.007357954265899025,0.006016245111823082,0.009079042021160907,42.568991856530666,-0.0022143421908064433,0.01526813211698904,0.012751554138958454,0.0183475927694645,36.391009605348195,-0.00030096513458871505,192,141
gan_resnet,GAN Multi-Temporal ResUNet dengan Custom ResNet-like Discriminator,blended,2,B3,0.00721650068104888,0.00567654287442565,0.008984619860711973,42.578505113544104,-0.0013603975385194644,0.0152294178111875,0.011257264763116837,0.018576168546644137,36.265326075057956,0.0026894249345812906,192,141
gan_resnet,GAN Multi-Temporal ResUNet dengan Custom ResNet-like Discriminator,blended,3,B4,0.00840601243059306,0.006737154675647616,0.010925710670562694,41.01488220979528,0.00020506172707731216,0.021837148346429597,0.01967955380678177,0.025918969405580437,32.72770665201929,0.005315100108018927,192,141
gan_resnet,GAN Multi-Temporal ResUNet dengan Custom ResNet-like Discriminator,blended,4,B5,0.008885172957282824,0.007021934958174825,0.011344699598945832,40.2834388033392,-0.0003261229261018646,0.020912619578447325,0.01843668706715107,0.024431054328996338,33.25440462212403,0.007772740919526059,192,141
gan_resnet,GAN Multi-Temporal ResUNet dengan Custom ResNet-like Discriminator,blended,5,B6,0.011518883606186137,0.008888693526387215,0.014599568607081892,37.98583122895992,-0.0024992928071393785,0.02045725443208894,0.017758509144186974,0.023894565295074346,33.47815462247123,0.005009142992577758,192,141
gan_resnet,GAN Multi-Temporal ResUNet dengan Custom ResNet-like Discriminator,blended,6,B7,0.012617558598625086,0.00978808244690299,0.016136255456027964,37.16384008189788,-0.00313503809835917,0.021598245459773863,0.018907267600297928,0.0254272081985202,32.83059311139851,0.003929640383372729,192,141
gan_resnet,GAN Multi-Temporal ResUNet dengan Custom ResNet-like Discriminator,blended,7,B8,0.013244292201610127,0.010577072855085135,0.017137428010755684,36.588099801179965,-0.0026136992516209525,0.025499104082927847,0.020769741386175156,0.029667469865775804,31.369142521238896,0.010633514436946006,192,141
gan_resnet,GAN Multi-Temporal ResUNet dengan Custom ResNet-like Discriminator,blended,8,B8A,0.013465914014280619,0.010557157453149557,0.017405223280851107,36.54550406294976,-0.002447663609927986,0.024773254845264957,0.02087067812681198,0.02904101977625849,31.63452727171978,0.009512303425028016,192,141
gan_resnet,GAN Multi-Temporal ResUNet dengan Custom ResNet-like Discriminator,blended,9,B9,0.009753350243651463,0.00946979783475399,0.012391261061566183,39.232754003092545,-0.0009008626293507405,0.020628783197954616,0.017934750765562057,0.023576372524983725,33.51597494195247,0.01147068897107408,192,141
gan_resnet,GAN Multi-Temporal ResUNet dengan Custom ResNet-like Discriminator,blended,10,B10,0.0019717612093851735,0.0012168873217888176,0.002812439079358834,56.174719156579364,-0.0009078282755581313,0.0057899354148329175,0.0030715882312506437,0.007003901774907623,47.611921872287546,-0.0026061125016449875,192,141
gan_resnet,GAN Multi-Temporal ResUNet dengan Custom ResNet-like Discriminator,blended,11,B11,0.012831554067209558,0.009151745587587357,0.01760780452968902,37.17307947673101,0.001950131155960359,0.03563794694140765,0.026551704853773117,0.04164305472620625,29.089372420346166,0.017638356326307263,192,141
gan_resnet,GAN Multi-Temporal ResUNet dengan Custom ResNet-like Discriminator,blended,12,B12,0.011504671837125594,0.008962232153862715,0.015859256285087515,38.40908954617428,0.003869247752239365,0.03310018017762572,0.025465205311775208,0.038181597138605014,30.017772229046955,0.018812429617490977,192,141
gan_resnet,GAN Multi-Temporal ResUNet dengan Custom ResNet-like Discriminator,raw,0,B1,0.06250730569687828,0.03611390292644501,0.07198101958541277,25.71699226821971,0.04770470373235488,0.02057054736948711,0.014448322355747223,0.02429932451174353,34.010499587441075,-0.0009179364429746139,192,141
gan_resnet,GAN Multi-Temporal ResUNet dengan Custom ResNet-like Discriminator,raw,1,B2,0.053799785671193,0.03217007778584957,0.06244735116585313,26.678050562391377,0.04008813968296939,0.02172640860510052,0.018196851015090942,0.025693306444997736,33.167483981390816,-0.008431293770459527,192,141
gan_resnet,GAN Multi-Temporal ResUNet dengan Custom ResNet-like Discriminator,raw,2,B3,0.0483852215911611,0.02856745757162571,0.057768389398309715,27.023467486395614,0.03485770531309148,0.02268697196908348,0.019494367763400078,0.027175326007168366,32.45358870300328,-0.009888469617225969,192,141
gan_resnet,GAN Multi-Temporal ResUNet dengan Custom ResNet-like Discriminator,raw,3,B4,0.05546303095858699,0.03659416548907757,0.06898724133012972,25.23729153095999,0.03687906023939528,0.030204070662643683,0.023737594485282898,0.03563236215433063,30.272921673045754,-0.016166695424170624,192,141
gan_resnet,GAN Multi-Temporal ResUNet dengan Custom ResNet-like Discriminator,raw,4,B5,0.05342534901865292,0.03676293417811394,0.06578914489364251,25.697881379693854,0.042454753116241285,0.026866278472415944,0.0211181640625,0.031503248621119896,31.214263227004956,-0.00940453313761275,192,141
gan_resnet,GAN Multi-Temporal ResUNet dengan Custom ResNet-like Discriminator,raw,5,B6,0.053330121447894875,0.042365821078419685,0.07041788522716767,24.662509364929434,0.0423156597231961,0.02610738358149926,0.02028052881360054,0.030490202857769717,31.50642451917881,-0.011685805060345092,192,141
gan_resnet,GAN Multi-Temporal ResUNet dengan Custom ResNet-like Discriminator,raw,6,B7,0.06294042806500026,0.05501212179660797,0.09098036988386109,22.498984183925916,0.049144243149688314,0.02905133436268843,0.02404366433620453,0.033872387047941536,30.394298805785375,-0.014206610888871034,192,141
gan_resnet,GAN Multi-Temporal ResUNet dengan Custom ResNet-like Discriminator,raw,7,B8,0.05446431285721095,0.04663338325917721,0.07294170407597751,23.757705222879725,0.038724906462448416,0.02701657547793807,0.02278217487037182,0.0324295764233575,30.73152649699384,-0.006597237659520007,192,141
gan_resnet,GAN Multi-Temporal ResUNet dengan Custom ResNet-like Discriminator,raw,8,B8A,0.06971226944976176,0.06155888922512531,0.09656421315351811,21.886768263699278,0.05500034141490081,0.029576623792502473,0.024793844670057297,0.035182367881217175,30.03247298293082,-0.007369734594649086,192,141
gan_resnet,GAN Multi-Temporal ResUNet dengan Custom ResNet-like Discriminator,raw,9,B9,0.07472931084096975,0.06134846620261669,0.09437313812668435,22.283303054787904,0.06954020180152536,0.029784548832830174,0.026245994493365288,0.033558862631240395,30.61816193414193,0.01772239655982835,192,141
gan_resnet,GAN Multi-Temporal ResUNet dengan Custom ResNet-like Discriminator,raw,10,B10,0.02596256262404495,0.014500395860522985,0.034350738630261425,34.07845069941602,0.024588946286106268,0.0064795049514657825,0.00354053545743227,0.007939028513672768,46.09777579745263,-0.000815366655649299,192,141
gan_resnet,GAN Multi-Temporal ResUNet dengan Custom ResNet-like Discriminator,raw,11,B11,0.06088207017213184,0.056307053193449974,0.0806655203147481,22.9246452826973,0.017611690098419785,0.041081200426457624,0.03207096457481384,0.04880730574467902,27.581002105830514,-0.010726126303057457,192,141
gan_resnet,GAN Multi-Temporal ResUNet dengan Custom ResNet-like Discriminator,raw,12,B12,0.05175375536055071,0.04915848560631275,0.06847736628454489,24.19935719191319,0.03147676482331008,0.03716260536263386,0.028426671400666237,0.04325526279980718,29.2497478584567,-0.0020525885385903695,192,141
