model_key,model_label,output_kind,band_index,band,n_samples,n_mask_valid_samples,global_mae_mean,global_mae_median,global_mae_std,global_rmse_mean,global_rmse_median,global_rmse_std,global_psnr_mean,global_psnr_median,global_psnr_std,global_bias_mean,global_bias_median,global_bias_std,mask_mae_mean,mask_mae_median,mask_mae_std,mask_rmse_mean,mask_rmse_median,mask_rmse_std,mask_psnr_mean,mask_psnr_median,mask_psnr_std,mask_bias_mean,mask_bias_median,mask_bias_std
baseline,ResUNet,blended,0,B1,192,141,0.00677617343414,0.00579434260726,0.00468009735484,0.00837401500212,0.00684134638868,0.00623469109313,43.0585841135,43.2971739309,4.85355426079,-0.00145747544593,-0.00338079826906,0.00729577132133,0.0132145641705,0.00886196549982,0.0112154858372,0.0157525874091,0.0111436585559,0.0126873914802,38.2520056459,39.0594440651,6.06468147212,0.00122531155431,0.00375553942285,0.0158681727888
baseline,ResUNet,blended,1,B2,192,141,0.00676733962124,0.00591295631602,0.00437445997734,0.00812947766705,0.00683140731417,0.0057686815038,43.2200356765,43.3097982186,4.73660782949,-0.00100423350523,-0.0031502135098,0.00688820667761,0.0125950831938,0.00922343507409,0.0117399567038,0.0147279821364,0.0107453975433,0.0123668454163,38.5199361645,39.375550249,5.4289238738,0.00404571321238,0.00335640483536,0.0153530393702
baseline,ResUNet,blended,2,B3,192,141,0.00674158184847,0.00585592864081,0.00385712170007,0.0081276518431,0.00686094490811,0.00508343342299,42.9810189242,43.2723228501,4.36209716417,-0.000431811740176,-0.00258958293125,0.00633813457871,0.0140427625325,0.0106241656467,0.0133281631355,0.0162687971896,0.0124278369961,0.0136016154428,37.3976547352,38.112089032,4.82386532758,0.00744387536971,0.00651623914018,0.0164942588688
baseline,ResUNet,blended,3,B4,192,141,0.007549476446,0.00643244059756,0.00471196975322,0.00956510732916,0.00801279675215,0.00623142382229,41.7881361931,41.9243258825,4.8557178704,-0.000507608261008,-0.00144558749162,0.00655856251306,0.0186321463383,0.0146327195689,0.0169991498232,0.0214742648249,0.0171817471213,0.0171243280171,34.9095296907,35.2986535429,4.7355391842,0.00866540020828,0.00657211057842,0.021796087445
baseline,ResUNet,blended,4,B5,192,141,0.00810031741033,0.00696577038616,0.00433957589395,0.0101242663234,0.00833305297419,0.00588378413086,40.9104380429,41.5839186081,4.01923558504,-0.00124025855985,-0.00252307835035,0.00683040882167,0.0183250056282,0.0153485648334,0.0137434344748,0.0209391244167,0.0178492787174,0.0137864206875,34.8322192173,34.9675865775,4.42214046044,0.00792747499586,0.0070971949026,0.0197844702667
baseline,ResUNet,blended,5,B6,192,141,0.0106250344009,0.00841490039602,0.00560644159902,0.0134490971953,0.0108857969753,0.00702731182028,38.5153095949,39.2628239617,4.36470344901,-0.00270389287228,-0.00305608985946,0.00910941079868,0.0192007507851,0.0156831294298,0.0136487076933,0.0217993583612,0.0190014616064,0.0138621032316,34.3718407605,34.4242598302,4.23326251387,0.0104590835083,0.007706141565,0.0189945539376
baseline,ResUNet,blended,6,B7,192,141,0.0116218743242,0.00909167155623,0.00636923002652,0.014969968505,0.0123879862949,0.00796401813943,37.6961719065,38.1399857283,4.63222714682,-0.00326499851872,-0.00388797512278,0.0100077233943,0.0204975308342,0.0178549084812,0.013429591056,0.0234081415377,0.0207904654654,0.0134611636896,33.6056079239,33.6427157479,4.02656193457,0.0083432589296,0.00595703115687,0.0204370895368
baseline,ResUNet,blended,7,B8,192,141,0.0121969047104,0.0100956954993,0.006130453785,0.0157555335754,0.0134049812332,0.00775543733922,37.1277287122,37.4546898632,4.43259192588,-0.00357391387418,-0.00422767247073,0.00986565767245,0.0233652859939,0.0202887263149,0.0142881605427,0.0266060165502,0.023855758887,0.0141402101518,32.3695328136,32.4481352667,3.76139561438,0.00907403468699,0.00690096290782,0.0228316278384
baseline,ResUNet,blended,8,B8A,192,141,0.0121550244924,0.00991303147748,0.00661407037514,0.0158275052357,0.0131631870754,0.00839993208466,37.2392023841,37.6133102337,4.71352255114,-0.00298052494084,-0.00321570085362,0.0103318341494,0.022229757837,0.0189093202353,0.0139396442872,0.025259859425,0.022030926634,0.0138420376581,32.8971792039,33.1393447156,3.9208857234,0.0106450356136,0.00883755180985,0.0211316656215
baseline,ResUNet,blended,9,B9,192,141,0.0101251417958,0.00976214464754,0.00543526332944,0.0122415425673,0.0116906440817,0.00579970291215,39.4127076169,38.6432347368,4.88362596869,-0.00363282529361,-0.00360273732804,0.00988231495103,0.0168931107136,0.0120084686205,0.0122871499966,0.0191540323616,0.0148900911334,0.0125587553495,35.7756615328,36.5420528836,4.79670182736,0.00512508146619,0.00555497920141,0.0189564587508
baseline,ResUNet,blended,10,B10,192,141,0.00172103256932,0.00120536319446,0.00208040663227,0.00238772450575,0.00165669253329,0.0031423726431,56.3830634883,55.6151839555,8.31059850488,-0.000401996896509,-0.000351742652128,0.00206208610436,0.00599905635405,0.00480539398268,0.00544398895735,0.0069378792544,0.00510053965504,0.00609005684435,45.6536994746,45.8476774317,6.45708366583,0.00159293478424,0.00201707007363,0.00735677286019
baseline,ResUNet,blended,11,B11,192,141,0.0113732018951,0.00851513305679,0.00771539324648,0.0156867480279,0.0120820840821,0.0110708275205,37.9823870735,38.3571629061,5.68549019592,0.000837407842331,-0.00209838524461,0.0100458088551,0.0301785476882,0.0211619865149,0.023173191918,0.0346007761131,0.0262850014786,0.0243830774296,31.0468938544,31.6058398843,5.57155736389,0.0158293154768,0.010986328125,0.0316822555848
baseline,ResUNet,blended,12,B12,192,141,0.0101045310027,0.00791907217354,0.00719075793473,0.0138707126207,0.0113328117877,0.00969951603405,39.2226551578,38.9153021854,6.15372999067,0.00103396353946,-0.000597968930378,0.00891004605071,0.0259866278985,0.0180805381387,0.0201687175832,0.0299301457261,0.0225721603838,0.0222955927566,32.3723813311,32.9285374513,5.64865173352,0.0121743508435,0.0091255987063,0.0276007981981
baseline,ResUNet,raw,0,B1,192,141,0.0286211446704,0.0137091283686,0.0300165238695,0.0336236240728,0.0185854118317,0.0307706121194,32.6532722222,34.6167245148,7.32099495956,0.020437110501,0.00478366389871,0.0348853395559,0.0168280394794,0.00862572621554,0.0207067421715,0.0192767879907,0.0110541297939,0.0211306929355,37.5177768497,39.1295088077,6.96323864993,0.00511081963889,-0.000722188444342,0.024733451113
baseline,ResUNet,raw,1,B2,192,141,0.0202754259565,0.0139028439298,0.0181391670879,0.0260655956663,0.0191382523626,0.0198972455787,33.9246735807,34.3621001284,6.1777739767,0.0128073460291,0.00430656038225,0.0220196166601,0.0145668425359,0.0102327782661,0.0149354626885,0.0174020862617,0.012511942442,0.0157880778881,37.5705622288,38.0535052428,6.12743434697,-0.00224509295625,-0.00261467834935,0.0190287257583
baseline,ResUNet,raw,2,B3,192,141,0.0244830867668,0.0153372646309,0.0231681922722,0.0284127431417,0.0201367270201,0.023185704359,33.1676911652,33.9202378148,5.9289313301,0.0161054019627,0.00559000298381,0.0276435849443,0.0157207375448,0.01025148388,0.0152619195846,0.0186797112702,0.0127436435445,0.0159780523775,36.8006527217,37.8941276958,6.01061607673,-0.00275678748043,-0.0043838522397,0.019898678425
baseline,ResUNet,raw,3,B4,192,141,0.0246318678013,0.0248155090958,0.0115392681127,0.0292761273765,0.0289817936718,0.0121873654127,31.5215162657,30.7576516218,4.07849126079,-0.00315023856092,-0.00628187088296,0.0227857687498,0.0222183846528,0.0181041900069,0.0180175178415,0.0259726044341,0.020937690069,0.0184007589692,33.6000245037,33.5814246629,5.88979988087,-0.0104520084726,-0.0130643798038,0.0250579306959
baseline,ResUNet,raw,4,B5,192,141,0.0216181570686,0.0174358244985,0.0136009725271,0.0259194049177,0.0225078798831,0.014557093774,33.0132408507,32.9534130082,4.81208786849,0.00455288260976,0.000444003380835,0.0213051049088,0.0207168573203,0.0139621030539,0.0183664170446,0.0239863177162,0.017418539309,0.0188057275174,34.577200841,35.1797653409,6.12669838189,-0.0089765308202,-0.00862023420632,0.0248595037218
baseline,ResUNet,raw,5,B6,192,141,0.0184179927261,0.0166049031541,0.00943471592426,0.023292684166,0.0224159937352,0.010798599946,33.5698341098,32.9889278047,4.06971948865,0.00466374663908,0.00361682486255,0.0136017631397,0.0177834001188,0.0122256726027,0.0169952169751,0.0207493231542,0.0147383434252,0.0175050993924,35.621623907,36.6310265598,5.51900278831,-0.00247464348737,-0.0034737540409,0.0227157275405
baseline,ResUNet,raw,6,B7,192,141,0.0219107481923,0.0198759175837,0.0127269466097,0.0277409187135,0.0256411712617,0.014352631881,32.2518318125,31.8216598929,4.45642168477,0.00979726376681,0.00667852419429,0.0164947675187,0.0206193597484,0.0148251075298,0.0177896291098,0.0238307009773,0.0185703835479,0.0177115484936,34.1812582239,34.6235825272,5.37852588994,-0.00671800370182,-0.00708669284359,0.0245262283824
baseline,ResUNet,raw,7,B8,192,141,0.0221223141125,0.0196802020073,0.0115728358245,0.0283640813141,0.0264935046434,0.013272871846,31.8915622062,31.5372226122,4.15176737931,0.00281365588004,0.00119544717018,0.0168176924388,0.0223234978394,0.0151133518666,0.018716281407,0.0262482672132,0.0186113407106,0.0198495525229,33.4888726234,34.6044468069,5.58862541491,-0.00929445080898,-0.00851499661803,0.0250859502728
baseline,ResUNet,raw,8,B8A,192,141,0.0225486689524,0.0209666155279,0.0111727768878,0.0283579187865,0.0274530658498,0.0129121497171,31.8622124179,31.2282038617,4.09747600337,0.00711366730169,0.00525930221193,0.015741889864,0.0214849231758,0.0161106325686,0.0174833163637,0.0248812692791,0.019721717021,0.0178446582398,33.6977965887,34.1011055401,5.22986435488,-0.00481308585797,-0.00529477139935,0.0249473763148
baseline,ResUNet,raw,9,B9,192,141,0.0161392424319,0.0148602081463,0.00635296453481,0.0200663958118,0.0186872910708,0.00741887973857,34.4867028161,34.5690731969,3.05121173736,0.00318917132699,0.0040860476438,0.0131804834723,0.0211894497975,0.0151795493439,0.0193740346987,0.0239875340186,0.0185545463306,0.0194790082116,34.4872172329,34.6309931988,5.99907746314,0.0074168128345,0.00717590004206,0.0266875324194
baseline,ResUNet,raw,10,B10,192,141,0.00939794396678,0.0078508395236,0.00541461971614,0.0109270528368,0.0089666810818,0.00623116095303,40.6410633868,40.9473654143,5.09880409662,0.00886233782542,0.00731451390311,0.0057154271177,0.00839526240767,0.00699522998184,0.00803681821729,0.00922715848022,0.00759492334673,0.00837667149721,42.9772862286,42.3895320996,6.1531869356,0.00583509458749,0.0049483529292,0.00937124253232
baseline,ResUNet,raw,11,B11,192,141,0.0302990144046,0.0289118224755,0.0148818611039,0.0367305408739,0.0358574148268,0.0161854542318,29.8140883119,28.9084218487,4.91835514003,-0.0157371058516,-0.012276803609,0.0215358948958,0.0312970099865,0.020531790331,0.0306254517109,0.0360877907229,0.0253304251568,0.0331462385255,31.5215607281,31.9271504153,6.82196938313,-0.0128058397817,-0.00919700972736,0.0392903520209
baseline,ResUNet,raw,12,B12,192,141,0.0312157726209,0.0304778367281,0.0155094123013,0.0375154498349,0.0380908157676,0.0165056521404,29.664723023,28.3835999617,5.0326454075,-0.0144267411142,-0.0125449672341,0.0244237027032,0.0289880508682,0.0183166712523,0.0305155896215,0.0334406134591,0.0232667051855,0.0338056920784,32.1786807351,32.6653022621,6.66036061816,-0.0125335727386,-0.0100361593068,0.0369250246528
gan_resnet,GAN ResNet-like,blended,0,B1,192,141,0.00722214865285,0.00586280133575,0.00579324650498,0.00909023739344,0.00688199116848,0.00774431855884,42.5528985931,43.2457204307,4.99589882031,-0.00227641837652,-0.00365459965542,0.00765208277799,0.0156065386527,0.0114063294604,0.0118701511834,0.0187801926999,0.0136473832273,0.0140150386689,36.6280677084,37.2990122602,6.06892437218,-0.00261564821744,0.00148750527296,0.0175149172822
gan_resnet,GAN ResNet-like,blended,1,B2,192,141,0.0073579542659,0.00601624511182,0.00604135003784,0.00907904202116,0.0069815767929,0.00805548717877,42.5689918565,43.1210044639,4.9631160382,-0.00221434219081,-0.00318961357698,0.00766641798769,0.015268132117,0.012751554139,0.0117640048825,0.0183475927695,0.0157770040541,0.0128316102577,36.3910096053,36.0395092574,5.32268459013,-0.000300965134589,0.000630040303804,0.0171224535561
gan_resnet,GAN ResNet-like,blended,2,B3,192,141,0.00721650068105,0.00567654287443,0.00537316604938,0.00898461986071,0.00672240089625,0.00715379152349,42.5785051135,43.449533592,4.89744981346,-0.00136039753852,-0.00240989215672,0.00695062214895,0.0152294178112,0.0112572647631,0.0122440174548,0.0185761685466,0.0145796167474,0.013181428599,36.2653260751,36.7250778423,5.22569441552,0.00268942493458,0.0004989921581,0.0170539243674
gan_resnet,GAN ResNet-like,blended,3,B4,192,141,0.00840601243059,0.00673715467565,0.00611965065291,0.0109257106706,0.00867931777611,0.00821678015554,41.0148822098,41.2302907273,5.42651081234,0.000205061727077,-0.001071812585,0.00730911047666,0.0218371483464,0.0196795538068,0.0138295747316,0.0259189694056,0.0229869795652,0.0143990872932,32.727706652,32.770361805,4.06150215547,0.00531510010802,0.00397489033639,0.0221199924483
gan_resnet,GAN ResNet-like,blended,4,B5,192,141,0.00888517295728,0.00702193495817,0.00590779611883,0.0113446995989,0.00875562708825,0.00805122216723,40.2834388033,41.154292413,4.58894729067,-0.000326122926102,-0.00123637495562,0.00758102103588,0.0209126195784,0.0184366870672,0.0129374020252,0.024431054329,0.0226927834212,0.01364477452,33.2544046221,32.8822446347,4.13025268761,0.00777274091953,0.00640389323235,0.0205347658293
gan_resnet,GAN ResNet-like,blended,5,B6,192,141,0.0115188836062,0.00888869352639,0.00688167065046,0.0145995686071,0.0119425016455,0.00846181062706,37.985831229,38.4580984921,4.68961479176,-0.00249929280714,-0.00298453401774,0.00974001595595,0.0204572544321,0.0177585091442,0.0118342109693,0.0238945652951,0.0213575732577,0.0123677302744,33.4781546225,33.4089619061,4.38093857959,0.00500914299258,0.00486609246582,0.0193748764286
gan_resnet,GAN ResNet-like,blended,6,B7,192,141,0.0126175585986,0.0097880824469,0.00741947531902,0.016136255456,0.0130807165988,0.0091827745916,37.1638400819,37.6675789431,4.83887898693,-0.00313503809836,-0.00371783482842,0.0106118481842,0.0215982454598,0.0189072676003,0.0125265244131,0.0254272081985,0.0224929858221,0.0130584180062,32.8305931114,32.9590578099,4.05063708068,0.00392964038337,0.00166748883203,0.0204255337133
gan_resnet,GAN ResNet-like,blended,7,B8,192,141,0.0132442922016,0.0105770728551,0.00769516716763,0.0171374280108,0.0146364141256,0.00942779786715,36.5880998012,36.691760236,4.76581405485,-0.00261369925162,-0.00321402167901,0.0107335616913,0.0254991040829,0.0207697413862,0.0146453073072,0.0296674698658,0.0252764385474,0.0148760877746,31.3691425212,31.9456823643,3.64189868658,0.0106335144369,0.00996401719749,0.0228143460562
gan_resnet,GAN ResNet-like,blended,8,B8A,192,141,0.0134659140143,0.0105571574531,0.00802252762795,0.0174052232809,0.0142134577036,0.00997478556845,36.5455040629,36.9460106729,4.92735602452,-0.00244766360993,-0.00315318652429,0.0113792413116,0.0247732548453,0.0208706781268,0.0145426369989,0.0290410197763,0.0257692442741,0.0151431180078,31.6345272717,31.7779663534,3.91415885551,0.00951230342503,0.00774045847356,0.022489217444
gan_resnet,GAN ResNet-like,blended,9,B9,192,141,0.00975335024365,0.00946979783475,0.00507989825532,0.0123912610616,0.0117949359119,0.00598236030482,39.2327540031,38.5660928931,4.61665332335,-0.000900862629351,-0.00208304601256,0.0089310929094,0.020628783198,0.0179347507656,0.0113964926294,0.023576372525,0.0211154716903,0.0113032048403,33.515974942,33.5079842519,4.22408747057,0.0114706889711,0.0116508882493,0.0190772603711
gan_resnet,GAN ResNet-like,blended,10,B10,192,141,0.00197176120939,0.00121688732179,0.0026617606697,0.00281243907936,0.00156364962459,0.00419112437579,56.1747191566,56.117235105,9.32575758928,-0.000907828275558,-0.000642531114863,0.00232001397248,0.00578993541483,0.00307158823125,0.00615196263414,0.00700390177491,0.00391206201853,0.00717878981367,47.6119218723,48.1518853778,9.32441569592,-0.00260611250164,-0.00105320941657,0.00750849902572
gan_resnet,GAN ResNet-like,blended,11,B11,192,141,0.0128315540672,0.00915174558759,0.00939729381452,0.0176078045297,0.0131611796096,0.0128728369665,37.1730794767,37.6141036888,6.00803413071,0.00195013115596,-0.000658907927573,0.0110552394408,0.0356379469414,0.0265517048538,0.0236263425249,0.0416430547262,0.0339726615593,0.0247876922328,29.0893724203,29.3774085473,5.26116591085,0.0176383563263,0.01012740843,0.0336397200757
gan_resnet,GAN ResNet-like,blended,12,B12,192,141,0.0115046718371,0.00896223215386,0.00871201454215,0.0158592562851,0.011795939412,0.0118415637742,38.4090895462,38.5653800364,6.69167845283,0.00386924775224,0.00102705787867,0.0099043322878,0.0331001801776,0.0254652053118,0.0230796501178,0.0381815971386,0.0308814537914,0.0253747867687,30.017772229,30.2060452556,5.42912704138,0.0188124296175,0.0124314678833,0.0319696416619
gan_resnet,GAN ResNet-like,raw,0,B1,192,141,0.0625073056969,0.0361139029264,0.0573327914719,0.0719810195854,0.0461177956313,0.0581500924355,25.7169922682,26.7226724011,7.23556360149,0.0477047037324,0.0250678732991,0.0686034398034,0.0205705473695,0.0144483223557,0.0159981579451,0.0242993245117,0.0182225465107,0.0169733995354,34.0104995874,34.7878186524,5.3859842798,-0.000917936442975,-0.00246750679798,0.023210814319
gan_resnet,GAN ResNet-like,raw,1,B2,192,141,0.0537997856712,0.0321700777858,0.0497980337785,0.0624473511659,0.0421607270837,0.0509278397632,26.6780505624,27.5018461724,6.68013816505,0.040088139683,0.0233770674095,0.0594888034444,0.0217264086051,0.0181968510151,0.0149415544014,0.025693306445,0.0227577600674,0.0160298732928,33.1674839814,32.8574097122,4.89575906727,-0.00843129377046,-0.0107780909166,0.0224319381864
gan_resnet,GAN ResNet-like,raw,2,B3,192,141,0.0483852215912,0.0285674575716,0.0430711129452,0.0577683893983,0.0410103257746,0.0436513804124,27.0234674864,27.7421372105,6.239354291,0.0348577053131,0.0156667185947,0.0524074426912,0.0226869719691,0.0194943677634,0.0140382775583,0.0271753260072,0.0242438054072,0.014975218665,32.453588703,32.3079842102,4.43554214999,-0.00988846961723,-0.0134245269001,0.022316221774
gan_resnet,GAN ResNet-like,raw,3,B4,192,141,0.0554630309586,0.0365941654891,0.0467517940449,0.0689872413301,0.0481775775552,0.0493229875608,25.237291531,26.3435768082,5.96442268477,0.0368790602394,0.0122157479636,0.057487117575,0.0302040706626,0.0237375944853,0.0206177820497,0.0356323621543,0.0293818760637,0.0212990967778,30.272921673,30.63840955,4.72023432034,-0.0161666954242,-0.0150138046592,0.0299108285046
gan_resnet,GAN ResNet-like,raw,4,B5,192,141,0.0534253490187,0.0367629341781,0.0451673383246,0.0657891448936,0.0530864838511,0.0462275879071,25.6978813797,25.5005299952,6.15923924999,0.0424547531162,0.0242266552523,0.0512766566566,0.0268662784724,0.0211181640625,0.0175252866971,0.0315032486211,0.0263423305807,0.0181981838731,31.214263227,31.5869160882,4.48663611625,-0.00940453313761,-0.00852744374424,0.0283219883349
gan_resnet,GAN ResNet-like,raw,5,B6,192,141,0.0533301214479,0.0423658210784,0.0369030363475,0.0704178852272,0.0670631453395,0.0405995508894,24.6625093649,23.4703349987,5.62145557083,0.0423156597232,0.029736014083,0.0424461943789,0.0261073835815,0.0202805288136,0.0173340942212,0.0304902028578,0.0248283403931,0.0178087392852,31.5064245192,32.1010461826,4.4244262932,-0.0116858050603,-0.0100017040968,0.0261666810881
gan_resnet,GAN ResNet-like,raw,6,B7,192,141,0.062940428065,0.0550121217966,0.0405202138139,0.0909803698839,0.0913218222558,0.0499373763088,22.4989841839,20.7885253667,5.91531342742,0.0491442431497,0.0394388996065,0.0464692206742,0.0290513343627,0.0240436643362,0.017641639322,0.0338723870479,0.0287852900212,0.0176266321306,30.3942988058,30.8165878105,4.10310563072,-0.0142066108889,-0.0130330212414,0.0274952641231
gan_resnet,GAN ResNet-like,raw,7,B8,192,141,0.0544643128572,0.0466333832592,0.0292768714582,0.072941704076,0.0662171281874,0.0345323278047,23.7577052229,23.5808350088,4.4161054557,0.0387249064624,0.0301188286394,0.0365474596246,0.0270165754779,0.0227821748704,0.015847833416,0.0324295764234,0.0289349080043,0.0166285348739,30.731526497,30.7715578819,4.06677445228,-0.00659723765952,-0.0050365193747,0.0245450844196
gan_resnet,GAN ResNet-like,raw,8,B8A,192,141,0.0697122694498,0.0615588892251,0.0440113336062,0.0965642131535,0.0962918028235,0.0524556260983,21.8867682637,20.3283188889,5.69557251097,0.0550003414149,0.0453930795193,0.0506629955874,0.0295766237925,0.0247938446701,0.0179785657317,0.0351823678812,0.0313131190419,0.0188263166902,30.0324729829,30.0854734192,3.98372434012,-0.00736973459465,-0.008056640625,0.0287153434629
gan_resnet,GAN ResNet-like,raw,9,B9,192,141,0.074729310841,0.0613484662026,0.0468869731373,0.0943731381267,0.0868354924023,0.0537406220186,22.2833030548,21.2270618378,6.20998919469,0.0695402018015,0.06071186997,0.0521483580382,0.0297845488328,0.0262459944934,0.0186334034393,0.0335588626312,0.0298426602621,0.0179876038621,30.6181619341,30.5032493038,4.55916700193,0.0177223965598,0.0165077541023,0.0288940706147
gan_resnet,GAN ResNet-like,raw,10,B10,192,141,0.025962562624,0.0145003958605,0.0293095990319,0.0343507386303,0.0243173884228,0.0327237300626,34.0784506994,32.2821441113,10.3631244659,0.0245889462861,0.0130951646715,0.0300878500717,0.00647950495147,0.00354053545743,0.00678594699936,0.00793902851367,0.0045822755833,0.00779549426889,46.0977757975,46.7783759079,8.78664488515,-0.000815366655649,-0.000700132222846,0.00869535713659
gan_resnet,GAN ResNet-like,raw,11,B11,192,141,0.0608820701721,0.0563070531934,0.0350930260664,0.0806655203147,0.0722567215562,0.0427362533131,22.9246452827,22.8225607963,4.41989037625,0.0176116900984,0.00989533029497,0.0477423248422,0.0410812004265,0.0320709645748,0.0277528764242,0.0488073057447,0.0402983174724,0.0307650991767,27.5810021058,27.8942617212,4.76966282087,-0.0107261263031,-0.00850175041705,0.0417363205043
gan_resnet,GAN ResNet-like,raw,12,B12,192,141,0.0517537553606,0.0491584856063,0.0238591600203,0.0684773662845,0.0672644078732,0.0300598210597,24.1993571919,23.4442942516,4.27052453042,0.0314767648233,0.028043246828,0.0333797027912,0.0371626053626,0.0284266714007,0.0292375725555,0.0432552627998,0.0355955319472,0.0335849929347,29.2497478585,28.9720902498,5.87867034369,-0.00205258853859,-0.00141938822344,0.0416906767724
conditional,Conditional Patch GAN,blended,0,B1,192,141,0.00668119905943,0.00560782430694,0.00475906350616,0.00827713827615,0.00661968556233,0.00627555462514,43.1642086882,43.5832868225,4.81343091069,-0.00167607201729,-0.00337231671438,0.00725981700209,0.0118027650702,0.008823226206,0.00955668558731,0.014390166914,0.0102984604287,0.0113087137323,38.891991351,39.7445539084,5.77428321212,0.000509980981206,0.00222772173583,0.0135309139941
conditional,Conditional Patch GAN,blended,1,B2,192,141,0.00664770398968,0.00585913099349,0.00434952696657,0.00796336558233,0.00659399712458,0.00571348347664,43.3747959831,43.617071636,4.64564749662,-0.00103303494689,-0.00307123735547,0.00678996168385,0.0119406980386,0.00881650391966,0.010719201658,0.0140364085306,0.0108273356271,0.0113792180041,38.7820661601,39.3095680139,5.20133842232,0.00509174759385,0.00526541937143,0.0137269300169
conditional,Conditional Patch GAN,blended,2,B3,192,141,0.00651233517419,0.00580367259681,0.00371244401448,0.00786218192661,0.0068044741638,0.0049810039146,43.2491179714,43.3441264748,4.28678392015,-0.000955846791233,-0.00283511402085,0.00604935847239,0.0124310432018,0.00913970824331,0.0118982171472,0.0146603367924,0.0111554689087,0.0123362473217,38.3593766867,39.0502433974,4.91262754521,0.00591987007141,0.00475657498464,0.0146792638307
conditional,Conditional Patch GAN,blended,3,B4,192,141,0.00734392321586,0.0063172376249,0.00469133827629,0.0093065190243,0.00776979629882,0.00618633005498,42.0143661747,42.1918088802,4.78580878324,-0.00081558730623,-0.00151095958427,0.00645402005051,0.0175067442833,0.0126953125,0.0171872381577,0.0203010459114,0.0150646514914,0.0174088439251,35.6070015373,36.4408182186,5.02835117669,0.00735217399098,0.00525506632403,0.0216315902655
conditional,Conditional Patch GAN,blended,4,B5,192,141,0.00796539721705,0.00676884315908,0.00444223323152,0.00992937614137,0.00817590532824,0.00604104189317,41.1142594218,41.7497690894,4.03755502976,-0.00166228187785,-0.00278161815368,0.00674930357631,0.0168896605598,0.0137195531279,0.0142210048907,0.0194983384471,0.0162853460738,0.0144032158961,35.7792241577,35.7640601594,5.06638604271,0.00660298405036,0.00479616317898,0.0194219341004
conditional,Conditional Patch GAN,blended,5,B6,192,141,0.0104049575639,0.00818577501923,0.00556117165882,0.0131616158615,0.010547967162,0.00696819200292,38.7201283408,39.5367183396,4.38413233445,-0.00307817870756,-0.00333307194524,0.00878955651533,0.01770387279,0.0138876466081,0.0133870843863,0.0203465328487,0.0174298924016,0.0135307641801,35.1366154476,35.1741058775,4.59793443902,0.00833152299465,0.0058252508752,0.0184822173374
conditional,Conditional Patch GAN,blended,6,B7,192,141,0.0114080713247,0.00895067211241,0.00627960893514,0.0146389215624,0.011893151328,0.00781425914213,37.8962856905,38.4941709518,4.63986708726,-0.00339174382073,-0.00334800546989,0.00971309365039,0.0192530727665,0.0152491778135,0.0134112419684,0.022165157343,0.01842583759,0.0133658439536,34.2304126797,34.6914552228,4.34084351343,0.0077946491981,0.00563153857365,0.0196606077009
conditional,Conditional Patch GAN,blended,7,B8,192,141,0.0119754497452,0.0101811853237,0.00606622117465,0.0154164114319,0.0132254529744,0.00763080376781,37.3247983967,37.5721227598,4.44816570937,-0.00374592161218,-0.00407513114624,0.00954500049436,0.021405381887,0.0179202426225,0.0137396763416,0.0247165219941,0.0210460101364,0.0136432491497,33.1924625868,33.5366044954,4.35829079241,0.00744005567644,0.00431682635099,0.0213017443295
conditional,Conditional Patch GAN,blended,8,B8A,192,141,0.011906241718,0.00928422156721,0.00655312100716,0.0154497742175,0.0127000520006,0.00828920489567,37.4516960899,37.9246746256,4.69667018217,-0.00333390427841,-0.00330020429101,0.00999674593754,0.020238379928,0.0162876676768,0.0135091774025,0.0233319410163,0.0198747191909,0.0133105116932,33.6966652383,34.0339799752,4.18230620192,0.00844920983352,0.00608995230868,0.0200990296329
conditional,Conditional Patch GAN,blended,9,B9,192,141,0.0100738762703,0.00947384396568,0.00540815474523,0.0121953007996,0.0115430979058,0.00578067879847,39.4540725426,38.7535575083,4.90561035436,-0.00373636470613,-0.00364091573283,0.00979561758773,0.0162367787549,0.0124963093549,0.0108151850904,0.0185384522861,0.0157854781722,0.0111190795607,35.9561193198,36.0348451593,4.77046500034,0.00395787745204,0.00319726346061,0.017751753815
conditional,Conditional Patch GAN,blended,10,B10,192,141,0.00172006981893,0.00121827528346,0.00209770411327,0.00237628787943,0.00161553174257,0.0032329350208,56.5152050062,55.8337639031,8.36143966856,-0.00045871454688,-0.00037921150215,0.00197351588392,0.00526796005615,0.00430097663775,0.00407345226173,0.00619209220755,0.00480473651851,0.00493283595917,46.3494957187,46.3666084625,6.17121589246,0.00132421498251,0.00200839643367,0.00563169957264
conditional,Conditional Patch GAN,blended,11,B11,192,141,0.0109077029222,0.00826105102897,0.00734706589817,0.0150572866914,0.0113006895408,0.0104820627178,38.283156982,38.9379047882,5.59881004873,0.000633969759595,-0.00219893921167,0.00927774119032,0.0276908828623,0.0200521219522,0.0220078675185,0.0321501581249,0.0250923838625,0.0233620866325,31.9041119695,32.0091615452,6.08368778484,0.011391787477,0.00688980473205,0.030279292036
conditional,Conditional Patch GAN,blended,12,B12,192,141,0.0098300813382,0.00786859029904,0.00683680348761,0.0134487698136,0.0112697221339,0.00912707852062,39.4069717365,38.961739231,6.05006240073,0.000606099168787,-0.000710708787665,0.00842535195437,0.0240926702419,0.018110986799,0.0195956916889,0.0281304907924,0.0221372545463,0.021743555571,32.9913887752,33.097524823,5.76784009325,0.00794276556372,0.00494587700814,0.0268707126883
conditional,Conditional Patch GAN,raw,0,B1,192,141,0.0188068796948,0.0151891889982,0.0132907676669,0.023331529553,0.0193981975317,0.0146725329275,34.2354223805,34.2447760211,5.334454574,0.00344567376427,-0.00150835467502,0.0183219402761,0.0153699178638,0.00935091637075,0.0172845473295,0.0177231573721,0.0116513944139,0.0177733632415,37.6926442035,38.6724419219,6.34941978408,0.00424061908225,-0.00142008718103,0.0208439212864
conditional,Conditional Patch GAN,raw,1,B2,192,141,0.0155597623864,0.0141407446936,0.0090987642733,0.0191663253499,0.0176071003079,0.0103102829917,35.3690818316,35.0862627325,4.12688688913,-0.00060420203954,-0.00225520972162,0.0134277480471,0.0145695789235,0.00951035879552,0.0136785818433,0.0173060754323,0.011729426165,0.0144871444599,37.3728025908,38.6144646843,5.81382525675,-0.000305535940778,-0.00288617494516,0.0181476431893
conditional,Conditional Patch GAN,raw,2,B3,192,141,0.0166736970738,0.0147975063883,0.00946625077951,0.0205047029958,0.0187696358189,0.0102290311194,34.7011048386,34.5308869227,4.05047170134,-0.00237332204779,-0.0043155841995,0.0154632254202,0.015309829534,0.01020774059,0.0140447445,0.0182526994863,0.0125791034879,0.0148787972999,36.9500338661,38.0070061987,5.91399503566,-0.00501336532323,-0.00556341838092,0.0182803951339
conditional,Conditional Patch GAN,raw,3,B4,192,141,0.0242971136868,0.0225426666439,0.0121590908365,0.0288807509908,0.0269821360707,0.0126762918075,31.7049150271,31.378650368,4.25544688757,-0.0115662717884,-0.0112069193274,0.0198274313821,0.0234745430747,0.0200083944947,0.0172904239166,0.0269427970262,0.0226959740937,0.0176437274832,33.0765003095,32.8810234587,5.61961915693,-0.0122875162334,-0.0152155263349,0.0251555235789
conditional,Conditional Patch GAN,raw,4,B5,192,141,0.020495878136,0.0186654999852,0.0110570558179,0.0247640545507,0.0230439146981,0.0120325088182,33.2465004847,32.7489160937,4.74488444098,-0.00720595478621,-0.00658797565848,0.0172462110647,0.0212725510817,0.0151163237169,0.0187667565951,0.0245057315486,0.0186070711325,0.0190701030297,34.4225648962,34.6064396423,6.39216462174,-0.0108824596184,-0.0122503908351,0.0250185590253
conditional,Conditional Patch GAN,raw,5,B6,192,141,0.0202411242935,0.017921525985,0.0110013349031,0.0251365284748,0.0230726124719,0.0126578670593,33.1921330087,32.7380648813,4.79732905264,-0.00508945952485,-0.001427736599,0.0168068089935,0.0193543753171,0.0133163211867,0.0171709260385,0.0223144531238,0.016430634021,0.0174817248818,34.9998486621,35.686913556,5.80234727421,-0.00597092934783,-0.00661892350763,0.0236423055638
conditional,Conditional Patch GAN,raw,6,B7,192,141,0.0204922100784,0.0184283163399,0.0105853189218,0.0258321593998,0.023864175193,0.0125449340291,32.8143441855,32.4451636952,4.43587092256,-0.00504405257137,-0.0018817060627,0.0154171158006,0.0208366081112,0.0142737431452,0.0181405811364,0.0240254481935,0.0179922621901,0.0180378681088,34.1849322966,34.8982845764,5.53839341959,-0.00784052760391,-0.00550727779046,0.0247716937742
conditional,Conditional Patch GAN,raw,7,B8,192,141,0.0251565239281,0.0224167080596,0.01652435987,0.0311967267286,0.0286999698728,0.0186590495161,31.57095788,30.8424595795,5.1095766832,-0.0130527949277,-0.00610910239629,0.0213101990252,0.0235067770011,0.0164550878108,0.0191058662542,0.0274339747673,0.019822708669,0.0201140019022,33.1082497186,34.0567400347,5.67533488721,-0.0121275709287,-0.00803071260452,0.0255103033028
conditional,Conditional Patch GAN,raw,8,B8A,192,141,0.0233784210007,0.019010335207,0.014297859669,0.0298012498339,0.0250459806994,0.0175492568455,31.9131022755,32.0261040077,5.01092782563,-0.00738964152394,-0.00189788662829,0.0195254196734,0.0220684998731,0.0172281898558,0.0181736823525,0.0256099572561,0.0205542203924,0.018418647773,33.5862378429,33.7419798213,5.5245364072,-0.00858286161104,-0.00639093015343,0.0254777521414
conditional,Conditional Patch GAN,raw,9,B9,192,141,0.0168438566907,0.0148743903264,0.00718791124717,0.0207227063438,0.0187854813412,0.00808997084792,34.3096770719,34.5235535663,3.36704640793,-0.00358876221435,-0.0012126363581,0.0149368452726,0.0195128432267,0.0146963000298,0.0169183172242,0.0223356908695,0.0175405546196,0.0171100997827,35.0728083684,35.1191335736,6.09788874851,0.00549929010837,0.00652825599536,0.0240216475069
conditional,Conditional Patch GAN,raw,10,B10,192,141,0.00578280216905,0.00592731498182,0.00223272875371,0.00697166015076,0.006798801478,0.00302766817147,43.8129299987,43.3513618895,3.49159567658,0.00509865058401,0.00540562113747,0.0024775309285,0.00747774378892,0.00687807425857,0.00528353958542,0.00831836452157,0.00745900501811,0.00578290519316,43.2959235512,42.5463820135,5.57722599637,0.00541071047257,0.00532319722697,0.00635259930412
conditional,Conditional Patch GAN,raw,11,B11,192,141,0.0316261654031,0.0300087351352,0.0159520565001,0.0380516550188,0.0381593741477,0.0172820970081,29.6211493969,28.3679756442,5.20877937692,-0.0201210969326,-0.0164508447051,0.0219320722381,0.0344980586971,0.027487071231,0.0315910797734,0.0391878514284,0.0326248379118,0.0342348938788,30.7587978147,29.7290327466,6.94119344239,-0.020697834388,-0.013455402106,0.0399674034167
conditional,Conditional Patch GAN,raw,12,B12,192,141,0.0329630673089,0.0315285511315,0.0167633701284,0.0390592916265,0.0401417035609,0.0176775805722,29.4293931314,27.9282373383,5.33625149832,-0.0193352846873,-0.0164928734303,0.0233449367774,0.0320473588831,0.0215258020908,0.032498963472,0.0365168454623,0.0252195068841,0.0354238809214,31.3115980953,31.9652681884,6.5430380023,-0.0199337166915,-0.0140437893569,0.0383830131046
