split,sample_id,best_pixel_t0,best_pixel_t1,best_pixel_t2,best_pixel_t3
train,ROIs1868_127_patch_102,54610,23,10903,0
train,ROIs1868_127_patch_33,17536,7359,40641,0
train,ROIs1970_83_patch_261,61555,21,3960,0
train,ROIs2017_130_patch_226,3681,12041,41528,8286
train,ROIs1970_112_patch_84,8876,8047,48613,0
train,ROIs1868_127_patch_245,52775,22,12739,0
train,ROIs1970_57_patch_250,60848,183,110,4395
train,ROIs2017_115_patch_243,37961,19172,8403,0
train,ROIs1868_127_patch_142,35746,19,29771,0
train,ROIs2017_69_patch_110,50557,24,14955,0
train,ROIs2017_130_patch_223,3762,40260,19578,1936
train,ROIs2017_130_patch_108,9665,36213,19657,1
train,ROIs1868_127_patch_38,57695,0,7841,0
train,ROIs2017_115_patch_112,20091,45008,437,0
train,ROIs1970_57_patch_195,65398,18,0,120
train,ROIs1970_83_patch_37,49951,76,15509,0
train,ROIs1970_57_patch_7,65459,0,7,70
train,ROIs2017_115_patch_106,4672,60772,92,0
train,ROIs1970_83_patch_48,28284,2909,34343,0
train,ROIs1970_57_patch_120,62624,8,53,2851
train,ROIs1970_83_patch_74,55210,1050,9276,0
train,ROIs1868_127_patch_83,60823,142,4571,0
train,ROIs1970_57_patch_155,53783,32,46,11675
train,ROIs2017_130_patch_264,5970,13881,34756,10929
train,ROIs1868_127_patch_179,38445,545,26544,2
train,ROIs2017_69_patch_23,47519,0,18017,0
train,ROIs1868_127_patch_157,53565,3,11953,15
train,ROIs2017_69_patch_123,58122,0,7412,2
train,ROIs2017_69_patch_112,60416,4,5116,0
train,ROIs1868_127_patch_250,46437,2533,16566,0
train,ROIs1970_112_patch_42,17773,9863,37900,0
train,ROIs2017_115_patch_281,61529,2703,1304,0
train,ROIs2017_115_patch_83,11511,53242,783,0
train,ROIs2017_69_patch_163,49137,0,16391,8
train,ROIs1970_112_patch_5,3970,0,61566,0
train,ROIs2017_115_patch_19,11960,53576,0,0
train,ROIs2017_69_patch_152,63381,0,1790,365
train,ROIs1970_83_patch_169,30392,5426,27957,1761
train,ROIs1970_83_patch_271,63990,180,1366,0
train,ROIs1970_57_patch_69,65327,1,4,204
train,ROIs2017_69_patch_31,58289,0,7247,0
train,ROIs1970_57_patch_234,60926,274,186,4150
train,ROIs1868_127_patch_181,54955,1180,1127,8274
train,ROIs2017_130_patch_137,4522,17593,33600,9821
train,ROIs1970_112_patch_137,14945,1011,49575,5
train,ROIs1970_57_patch_128,65490,0,0,46
train,ROIs1970_57_patch_53,64322,1,67,1146
train,ROIs2017_130_patch_258,12177,27561,23659,2139
train,ROIs2017_115_patch_21,10632,54898,6,0
train,ROIs1970_57_patch_25,65395,5,1,135
train,ROIs2017_115_patch_270,37366,28170,0,0
train,ROIs2017_130_patch_207,1630,16458,36330,11118
train,ROIs2017_115_patch_14,19763,45347,426,0
train,ROIs1970_112_patch_242,0,32375,33161,0
train,ROIs1868_127_patch_148,22884,26915,14725,1012
train,ROIs1970_83_patch_14,31488,6,34042,0
train,ROIs1868_127_patch_263,56417,374,8739,6
train,ROIs2017_69_patch_218,63383,0,2065,88
train,ROIs1970_83_patch_113,26521,9020,29995,0
train,ROIs1970_83_patch_132,50482,4191,10863,0
train,ROIs1970_57_patch_86,63641,2,21,1872
train,ROIs1970_57_patch_29,55053,161,1147,9175
train,ROIs2017_69_patch_95,50195,0,15341,0
train,ROIs1970_57_patch_217,58807,711,216,5802
train,ROIs2017_130_patch_209,1197,7943,51785,4611
train,ROIs2017_69_patch_231,62746,0,2602,188
train,ROIs2017_115_patch_27,2964,62572,0,0
train,ROIs2017_69_patch_71,61388,6,4142,0
train,ROIs1970_112_patch_121,6277,4,59255,0
train,ROIs2017_115_patch_175,15059,49329,1148,0
train,ROIs1970_83_patch_152,63965,42,1529,0
train,ROIs1970_83_patch_33,34752,186,30594,4
train,ROIs2017_69_patch_85,48669,0,16867,0
train,ROIs1970_83_patch_262,52597,9,12919,11
train,ROIs1868_127_patch_19,56594,0,8942,0
train,ROIs2017_115_patch_284,50111,11757,3668,0
train,ROIs2017_130_patch_210,2729,10265,43099,9443
train,ROIs2017_69_patch_279,51168,0,14308,60
train,ROIs2017_130_patch_197,13606,20447,13531,17952
train,ROIs2017_69_patch_274,51251,0,14270,15
train,ROIs1970_112_patch_264,0,319,61448,3769
train,ROIs1970_83_patch_178,31065,18663,15801,7
train,ROIs1970_112_patch_268,0,65469,24,43
train,ROIs1970_83_patch_222,56774,5912,2850,0
train,ROIs1970_57_patch_106,55195,87,653,9601
train,ROIs1970_112_patch_15,16890,9,48637,0
train,ROIs1970_112_patch_39,0,0,65536,0
train,ROIs2017_69_patch_249,61887,0,2955,694
train,ROIs1970_83_patch_264,46833,1306,17331,66
train,ROIs1970_57_patch_12,57798,45,1508,6185
train,ROIs1970_57_patch_157,62305,30,92,3109
train,ROIs2017_69_patch_67,61701,0,3834,1
train,ROIs1868_127_patch_145,47843,14388,2586,719
train,ROIs1970_83_patch_24,24472,6271,34793,0
train,ROIs1970_57_patch_109,60350,112,56,5018
train,ROIs1970_57_patch_125,61366,104,83,3983
train,ROIs1868_127_patch_169,60569,2813,2151,3
train,ROIs1970_83_patch_256,64139,366,1031,0
train,ROIs1868_127_patch_171,58618,1457,5452,9
train,ROIs2017_130_patch_164,7253,27608,28942,1733
train,ROIs2017_130_patch_105,8229,18306,25548,13453
train,ROIs1970_112_patch_21,0,0,65536,0
train,ROIs2017_130_patch_6,8912,21647,16511,18466
train,ROIs2017_115_patch_160,38363,22935,4238,0
train,ROIs2017_69_patch_6,46254,0,19273,9
train,ROIs2017_69_patch_111,56078,18,9440,0
train,ROIs2017_130_patch_78,8198,24042,31929,1367
train,ROIs2017_115_patch_227,44653,20883,0,0
train,ROIs2017_69_patch_166,62769,4,2760,3
train,ROIs1970_112_patch_99,15188,7699,42649,0
train,ROIs2017_130_patch_0,2209,19998,42938,391
train,ROIs1970_112_patch_255,0,15193,50343,0
train,ROIs1868_127_patch_167,38015,11383,11935,4203
train,ROIs2017_115_patch_41,14342,51157,37,0
train,ROIs2017_130_patch_65,10391,44068,9404,1673
train,ROIs1970_83_patch_79,21974,27923,15289,350
train,ROIs1970_112_patch_258,0,14236,51300,0
train,ROIs2017_130_patch_94,3466,31847,27362,2861
train,ROIs2017_130_patch_252,10563,34349,18916,1708
train,ROIs1970_57_patch_230,64413,171,9,943
train,ROIs1970_112_patch_89,13603,11526,40407,0
train,ROIs1970_83_patch_128,59100,343,6055,38
train,ROIs1970_112_patch_237,0,9368,56168,0
train,ROIs1970_83_patch_89,26526,14087,24923,0
train,ROIs2017_130_patch_251,14894,5035,41539,4068
train,ROIs2017_115_patch_234,42209,23327,0,0
train,ROIs2017_115_patch_69,29314,31400,4822,0
train,ROIs2017_130_patch_14,10191,16523,36828,1994
train,ROIs1970_83_patch_96,65184,209,143,0
train,ROIs2017_130_patch_77,12012,19990,28134,5400
train,ROIs1970_83_patch_252,60296,687,4553,0
train,ROIs2017_69_patch_252,61560,0,3946,30
train,ROIs1868_127_patch_248,56826,193,8517,0
train,ROIs2017_69_patch_132,59096,0,6440,0
train,ROIs2017_130_patch_255,7841,35205,9876,12614
train,ROIs1970_112_patch_13,38501,0,27035,0
train,ROIs1970_112_patch_122,15494,2,50040,0
train,ROIs2017_115_patch_210,20812,44724,0,0
train,ROIs2017_69_patch_15,53233,1,12302,0
train,ROIs1868_127_patch_242,53593,169,7271,4503
train,ROIs2017_130_patch_34,8702,9985,42718,4131
train,ROIs1970_83_patch_12,27436,1280,36820,0
train,ROIs1868_127_patch_159,48113,0,17423,0
train,ROIs1868_127_patch_204,57190,1844,6492,10
train,ROIs1970_57_patch_235,62538,147,99,2752
train,ROIs2017_69_patch_192,54217,0,11152,167
train,ROIs1970_112_patch_230,0,47886,17650,0
train,ROIs2017_115_patch_272,36771,27158,1607,0
train,ROIs1970_57_patch_160,59832,112,82,5510
train,ROIs2017_115_patch_185,25151,40385,0,0
train,ROIs2017_115_patch_22,19252,46237,47,0
train,ROIs1868_127_patch_149,30394,28917,6212,13
train,ROIs2017_130_patch_75,2376,24816,38199,145
train,ROIs2017_115_patch_178,38488,25678,1370,0
train,ROIs2017_69_patch_103,53494,0,12041,1
train,ROIs1970_112_patch_77,31262,228,34046,0
train,ROIs1970_57_patch_150,63867,60,161,1448
train,ROIs1970_112_patch_198,0,0,65536,0
train,ROIs2017_69_patch_91,58561,9,6966,0
train,ROIs2017_115_patch_154,19855,45511,170,0
train,ROIs2017_115_patch_46,8337,57196,3,0
train,ROIs1970_83_patch_73,55795,1227,8514,0
train,ROIs2017_130_patch_136,12362,29773,16942,6459
train,ROIs1970_57_patch_81,65188,7,57,284
train,ROIs1970_57_patch_45,64040,5,451,1040
train,ROIs2017_130_patch_158,4664,37570,11150,12152
train,ROIs1868_127_patch_121,46101,234,19201,0
train,ROIs2017_115_patch_28,3438,62093,5,0
train,ROIs1970_83_patch_51,37253,723,27560,0
train,ROIs2017_115_patch_87,24013,39378,2145,0
train,ROIs2017_130_patch_40,11926,14337,30673,8600
train,ROIs1868_127_patch_114,32829,28120,4529,58
train,ROIs1970_112_patch_204,13,4220,61303,0
train,ROIs2017_130_patch_41,5577,23637,33433,2889
train,ROIs1868_127_patch_195,49644,7628,8264,0
train,ROIs2017_115_patch_64,24841,40051,644,0
train,ROIs1970_57_patch_46,58776,11,988,5761
train,ROIs1970_112_patch_114,673,160,64703,0
train,ROIs2017_69_patch_45,59972,0,5564,0
train,ROIs1970_112_patch_28,5759,7957,51820,0
train,ROIs1970_112_patch_38,0,0,65536,0
train,ROIs1970_112_patch_259,0,19755,45781,0
train,ROIs1970_83_patch_106,38262,2350,24860,64
train,ROIs1970_112_patch_205,1283,26755,37498,0
train,ROIs1970_83_patch_197,31253,30249,4026,8
train,ROIs2017_69_patch_176,55679,0,9289,568
train,ROIs2017_69_patch_20,45688,0,19847,1
train,ROIs1970_83_patch_119,62233,44,3257,2
train,ROIs2017_130_patch_233,3457,6705,18191,37183
train,ROIs1970_57_patch_20,62497,4,213,2822
train,ROIs2017_130_patch_87,7645,7259,16995,33637
train,ROIs1970_112_patch_115,2555,1327,61654,0
train,ROIs1970_83_patch_237,61106,705,3725,0
train,ROIs2017_69_patch_260,49851,0,15360,325
train,ROIs1970_57_patch_216,64097,128,0,1311
train,ROIs2017_69_patch_258,51098,0,12918,1520
train,ROIs1970_112_patch_215,8574,18438,38524,0
train,ROIs2017_115_patch_213,34367,31169,0,0
train,ROIs2017_69_patch_241,51951,0,13236,349
train,ROIs1970_112_patch_108,0,0,65536,0
train,ROIs1868_127_patch_206,57131,856,7549,0
train,ROIs1868_127_patch_61,49159,8027,8350,0
train,ROIs2017_69_patch_127,56079,19,9438,0
train,ROIs2017_115_patch_255,41122,22767,1647,0
train,ROIs2017_69_patch_144,57797,0,7739,0
train,ROIs1970_83_patch_267,63456,15,2065,0
train,ROIs1868_127_patch_111,35966,14149,15382,39
train,ROIs1970_57_patch_10,65468,0,4,64
train,ROIs2017_115_patch_277,49795,10710,5031,0
train,ROIs1970_112_patch_14,31817,48,33671,0
train,ROIs1970_83_patch_279,56857,1029,7650,0
train,ROIs1970_83_patch_85,14001,9028,42507,0
train,ROIs1970_57_patch_52,65476,0,0,60
train,ROIs1970_57_patch_172,57403,30,152,7951
train,ROIs2017_130_patch_89,2975,2734,27148,32679
train,ROIs2017_69_patch_25,52016,0,13423,97
train,ROIs1970_83_patch_272,64096,297,1143,0
train,ROIs1970_83_patch_151,41533,492,23510,1
train,ROIs1970_83_patch_216,57604,4869,3063,0
train,ROIs1868_127_patch_193,40113,10853,14425,145
train,ROIs2017_69_patch_203,51220,0,14040,276
train,ROIs1970_83_patch_277,60526,489,4521,0
train,ROIs1970_83_patch_270,65147,1,388,0
train,ROIs2017_115_patch_187,51260,14276,0,0
train,ROIs2017_115_patch_137,5544,59113,879,0
train,ROIs1970_57_patch_51,65529,0,0,7
train,ROIs1970_57_patch_138,58156,78,118,7184
train,ROIs1970_57_patch_252,61274,242,126,3894
train,ROIs1868_127_patch_180,63129,576,1554,277
train,ROIs2017_115_patch_233,47238,18298,0,0
train,ROIs1868_127_patch_69,21016,894,43624,2
train,ROIs1868_127_patch_84,41578,457,23501,0
train,ROIs2017_130_patch_238,4248,45767,13604,1917
train,ROIs2017_69_patch_140,40297,0,25239,0
train,ROIs1868_127_patch_201,59863,432,473,4768
train,ROIs2017_130_patch_50,12443,26717,23813,2563
train,ROIs1970_112_patch_187,263,30164,35109,0
train,ROIs2017_115_patch_279,41291,17900,6345,0
train,ROIs1970_112_patch_130,21,1198,64317,0
train,ROIs2017_69_patch_124,57337,3,8196,0
train,ROIs2017_115_patch_1,30365,35171,0,0
train,ROIs1970_57_patch_14,63483,8,187,1858
train,ROIs1970_112_patch_201,25,228,65283,0
train,ROIs2017_69_patch_206,60090,0,5412,34
train,ROIs1970_112_patch_176,34851,549,30136,0
train,ROIs2017_69_patch_35,58687,0,6849,0
train,ROIs1970_57_patch_148,60556,156,93,4731
train,ROIs1868_127_patch_140,42617,2,22917,0
train,ROIs2017_130_patch_235,3193,30546,25424,6373
train,ROIs1970_83_patch_76,63017,322,2064,133
train,ROIs2017_115_patch_13,6973,58549,14,0
train,ROIs1970_112_patch_190,2416,39618,23502,0
train,ROIs2017_69_patch_196,57617,0,7589,330
train,ROIs1970_83_patch_23,33060,3835,28629,12
train,ROIs1970_83_patch_145,37149,5627,22419,341
train,ROIs2017_115_patch_48,7670,57624,242,0
train,ROIs1970_57_patch_74,61813,10,181,3532
train,ROIs1970_83_patch_205,40836,22588,1776,336
train,ROIs1970_83_patch_192,46463,17568,1505,0
train,ROIs1970_83_patch_253,63413,1030,1093,0
train,ROIs1868_127_patch_72,50861,12,14663,0
train,ROIs1970_112_patch_195,0,46834,18702,0
train,ROIs1970_83_patch_9,28072,512,36952,0
train,ROIs2017_69_patch_169,57147,0,8389,0
train,ROIs1970_83_patch_31,31029,1659,32848,0
train,ROIs1970_83_patch_211,45251,19478,807,0
train,ROIs2017_115_patch_49,28449,36973,114,0
train,ROIs1970_112_patch_0,0,0,65536,0
train,ROIs1970_83_patch_159,24154,13315,28055,12
train,ROIs1868_127_patch_86,22278,19,43234,5
train,ROIs1868_127_patch_107,27454,111,35821,2150
train,ROIs2017_69_patch_109,51379,39,14118,0
train,ROIs1970_57_patch_211,63704,76,81,1675
train,ROIs2017_115_patch_63,16165,49262,109,0
train,ROIs2017_130_patch_189,3866,24235,32660,4775
train,ROIs2017_69_patch_115,51772,0,13762,2
train,ROIs1970_57_patch_16,63485,1,910,1140
train,ROIs2017_69_patch_57,25507,0,40029,0
train,ROIs1970_57_patch_124,55362,50,174,9950
train,ROIs1970_83_patch_148,40396,7515,17625,0
train,ROIs1970_83_patch_112,26368,21514,17654,0
train,ROIs2017_69_patch_78,44887,0,20649,0
train,ROIs1970_83_patch_86,20533,1341,43662,0
train,ROIs2017_69_patch_158,50646,0,14888,2
train,ROIs1970_83_patch_54,47908,0,17628,0
train,ROIs1970_83_patch_177,52367,6196,6973,0
train,ROIs1868_127_patch_264,59807,347,5368,14
train,ROIs2017_130_patch_66,16232,41300,6662,1342
train,ROIs1970_83_patch_245,45735,9,19762,30
train,ROIs2017_130_patch_26,2259,18351,14161,30765
train,ROIs1970_57_patch_140,58836,7,406,6287
train,ROIs2017_69_patch_229,63813,0,1381,342
train,ROIs1970_57_patch_184,62090,110,222,3114
train,ROIs2017_130_patch_184,3141,38569,22263,1563
train,ROIs1970_112_patch_185,137,9429,55970,0
train,ROIs1970_57_patch_60,64629,2,233,672
train,ROIs1970_112_patch_119,4486,0,61050,0
train,ROIs2017_115_patch_221,40861,21150,3525,0
train,ROIs2017_115_patch_182,45792,18641,1103,0
train,ROIs1970_83_patch_278,59207,605,5724,0
train,ROIs2017_115_patch_136,3365,61919,252,0
train,ROIs1970_57_patch_73,60625,26,280,4605
train,ROIs1970_112_patch_44,11058,986,53492,0
train,ROIs1868_127_patch_15,27153,16663,21720,0
train,ROIs1970_57_patch_117,64995,26,4,511
train,ROIs1970_83_patch_101,35100,2457,27979,0
train,ROIs1970_57_patch_9,65503,1,5,27
train,ROIs1970_57_patch_35,65263,3,135,135
train,ROIs1970_57_patch_179,64880,48,1,607
train,ROIs1970_57_patch_5,62433,11,273,2819
train,ROIs1970_83_patch_142,52801,212,12421,102
train,ROIs2017_130_patch_220,8608,27504,27802,1622
train,ROIs1868_127_patch_165,48440,6724,5629,4743
train,ROIs2017_115_patch_172,27556,37980,0,0
train,ROIs1970_112_patch_68,1,72,65463,0
train,ROIs1970_83_patch_175,53009,1282,11244,1
train,ROIs2017_130_patch_1,2120,23679,39584,153
train,ROIs2017_115_patch_167,37547,27888,101,0
train,ROIs1970_83_patch_229,62993,337,2206,0
train,ROIs1868_127_patch_14,24922,31012,9602,0
train,ROIs1970_83_patch_60,26774,28421,5723,4618
train,ROIs1868_127_patch_212,26090,128,39318,0
train,ROIs1970_83_patch_92,34787,6168,24581,0
train,ROIs1970_83_patch_182,7951,55584,2001,0
train,ROIs2017_115_patch_145,15345,50125,66,0
train,ROIs1970_57_patch_236,61862,102,208,3364
train,ROIs1868_127_patch_10,41788,2459,21289,0
train,ROIs2017_69_patch_268,58718,0,6677,141
train,ROIs2017_130_patch_58,5548,11815,14483,33690
train,ROIs1970_57_patch_56,56183,79,859,8415
train,ROIs1970_57_patch_186,65351,6,13,166
train,ROIs1970_112_patch_161,1000,64513,23,0
train,ROIs1970_83_patch_164,30156,28729,6639,12
train,ROIs2017_115_patch_79,13126,52279,131,0
train,ROIs1970_83_patch_238,64879,2,655,0
train,ROIs2017_130_patch_93,3523,32050,29607,356
train,ROIs2017_115_patch_116,9819,55717,0,0
train,ROIs2017_130_patch_161,84,3206,4959,57287
train,ROIs1970_112_patch_47,17323,1943,46270,0
train,ROIs2017_115_patch_278,44319,17639,3578,0
train,ROIs1970_112_patch_184,0,1301,64235,0
train,ROIs2017_69_patch_12,51774,0,13762,0
train,ROIs1970_83_patch_181,22960,19479,22773,324
train,ROIs1970_57_patch_233,58839,274,401,6022
train,ROIs2017_69_patch_151,57150,0,8386,0
train,ROIs2017_130_patch_97,11475,29009,18786,6266
train,ROIs1970_112_patch_218,60,3655,61821,0
train,ROIs1868_127_patch_41,51642,4934,8960,0
train,ROIs1970_57_patch_31,62868,11,359,2298
train,ROIs2017_130_patch_99,9899,36466,11660,7511
train,ROIs1970_57_patch_59,64496,8,224,808
train,ROIs1970_83_patch_184,10076,54096,1364,0
train,ROIs1970_83_patch_69,29879,17881,17776,0
train,ROIs1868_127_patch_18,49341,0,16195,0
train,ROIs1970_112_patch_36,0,0,65536,0
train,ROIs2017_115_patch_219,40711,24529,296,0
train,ROIs1970_83_patch_2,40995,1,22459,2081
train,ROIs1970_112_patch_62,10037,4073,51426,0
train,ROIs2017_130_patch_59,21320,2588,13526,28102
train,ROIs2017_115_patch_206,38147,27369,20,0
train,ROIs1868_127_patch_66,34751,77,30708,0
train,ROIs1868_127_patch_51,39629,87,25820,0
train,ROIs2017_115_patch_150,53231,11488,817,0
train,ROIs2017_130_patch_162,6211,44399,14872,54
train,ROIs1970_83_patch_247,63816,0,1719,1
train,ROIs1970_57_patch_222,61541,131,24,3840
train,ROIs1868_127_patch_219,56257,1,716,8562
train,ROIs1970_112_patch_217,3,2619,62913,1
train,ROIs1970_83_patch_231,60165,4453,918,0
train,ROIs2017_115_patch_202,38288,25659,1589,0
train,ROIs2017_115_patch_205,35025,27871,2640,0
train,ROIs2017_130_patch_138,3605,34237,16062,11632
train,ROIs2017_130_patch_232,12301,32751,17106,3378
train,ROIs2017_130_patch_208,1029,9117,46594,8796
train,ROIs1970_57_patch_218,62466,79,44,2947
train,ROIs1970_83_patch_204,4045,61347,144,0
train,ROIs1868_127_patch_30,20621,17176,27739,0
train,ROIs2017_115_patch_135,3293,62218,25,0
train,ROIs2017_115_patch_235,28165,37370,1,0
train,ROIs2017_115_patch_147,28388,36071,1077,0
train,ROIs1970_112_patch_117,1057,432,64047,0
train,ROIs2017_69_patch_232,60921,0,3863,752
train,ROIs2017_130_patch_56,4518,30691,28642,1685
train,ROIs1868_127_patch_220,57897,0,126,7513
train,ROIs1970_83_patch_137,60148,101,5287,0
train,ROIs2017_69_patch_194,55280,0,10228,28
train,ROIs1868_127_patch_26,46924,853,17759,0
train,ROIs2017_69_patch_187,53200,0,12329,7
train,ROIs1970_112_patch_20,0,0,65536,0
train,ROIs2017_115_patch_8,7623,57913,0,0
train,ROIs2017_69_patch_267,64196,0,1275,65
train,ROIs1970_112_patch_159,45701,59,19776,0
train,ROIs1970_112_patch_193,4815,2188,58374,159
train,ROIs1868_127_patch_197,55222,42,10272,0
train,ROIs2017_115_patch_76,19315,46221,0,0
train,ROIs2017_130_patch_174,1650,14771,47168,1947
train,ROIs2017_130_patch_126,3810,46061,15649,16
train,ROIs1970_83_patch_232,57260,6229,2047,0
train,ROIs2017_69_patch_266,63495,0,1385,656
train,ROIs1970_57_patch_193,60282,36,650,4568
train,ROIs2017_69_patch_244,59161,0,6345,30
train,ROIs1970_83_patch_38,37606,572,22279,5079
train,ROIs1970_112_patch_8,54539,2,10995,0
train,ROIs2017_115_patch_171,31786,33750,0,0
train,ROIs2017_69_patch_264,52029,0,13411,96
train,ROIs2017_69_patch_7,47616,0,17905,15
train,ROIs1868_127_patch_73,52751,5,12674,106
train,ROIs1970_112_patch_2,0,0,65536,0
train,ROIs1970_83_patch_224,57899,2711,4926,0
train,ROIs2017_115_patch_4,14890,50646,0,0
train,ROIs2017_115_patch_266,42332,23202,2,0
train,ROIs2017_69_patch_168,52550,0,12986,0
train,ROIs1970_83_patch_50,26905,674,37957,0
train,ROIs1970_57_patch_28,56987,71,1940,6538
train,ROIs1970_112_patch_16,10623,224,54689,0
train,ROIs1868_127_patch_76,56322,0,8686,528
train,ROIs1970_83_patch_161,53390,1766,9381,999
train,ROIs2017_115_patch_157,14792,48179,2565,0
train,ROIs1868_127_patch_48,27856,7183,30496,1
train,ROIs1970_83_patch_144,37000,3817,23722,997
train,ROIs2017_130_patch_236,3703,46747,14940,146
train,ROIs1970_112_patch_211,11171,10283,35122,8960
train,ROIs2017_115_patch_107,4414,60873,249,0
train,ROIs1868_127_patch_176,48262,442,16832,0
train,ROIs2017_115_patch_151,50693,14728,115,0
train,ROIs2017_130_patch_180,3800,36265,25025,446
train,ROIs2017_69_patch_29,61258,0,4276,2
train,ROIs2017_115_patch_164,46536,18978,22,0
train,ROIs1868_127_patch_87,39949,40,25519,28
train,ROIs1868_127_patch_47,12047,43326,10163,0
train,ROIs1868_127_patch_194,36289,13409,15838,0
train,ROIs2017_130_patch_221,4295,31424,28741,1076
train,ROIs2017_115_patch_236,35002,30384,150,0
train,ROIs2017_115_patch_45,6084,59368,84,0
train,ROIs2017_69_patch_14,51493,0,14043,0
train,ROIs1970_83_patch_282,35083,1511,28919,23
train,ROIs1970_83_patch_200,22052,30035,13449,0
train,ROIs2017_69_patch_30,59950,0,5577,9
train,ROIs2017_130_patch_63,11331,18785,30668,4752
train,ROIs2017_115_patch_139,9371,55574,591,0
train,ROIs2017_69_patch_77,44318,0,21218,0
train,ROIs1970_83_patch_243,61707,179,3611,39
train,ROIs1970_57_patch_2,63650,24,206,1656
train,ROIs1970_83_patch_203,25505,38172,1859,0
train,ROIs1868_127_patch_70,17650,501,47383,2
train,ROIs1970_83_patch_134,64245,84,1207,0
train,ROIs2017_69_patch_13,61843,0,3693,0
train,ROIs1970_112_patch_206,4082,43824,17630,0
train,ROIs1970_83_patch_91,35410,8214,21912,0
train,ROIs2017_115_patch_54,49175,12057,4304,0
train,ROIs2017_69_patch_98,54250,0,11276,10
train,ROIs1970_83_patch_59,28459,2438,9834,24805
train,ROIs1970_83_patch_58,42472,1404,15817,5843
train,ROIs2017_115_patch_203,23896,41124,516,0
train,ROIs2017_130_patch_67,12040,30792,15302,7402
train,ROIs2017_69_patch_88,61980,0,3556,0
train,ROIs2017_115_patch_189,53288,12248,0,0
train,ROIs1970_112_patch_11,11727,43,53766,0
train,ROIs2017_115_patch_94,57522,7579,435,0
train,ROIs1868_127_patch_110,31059,19385,14592,500
train,ROIs2017_69_patch_50,62980,0,2556,0
train,ROIs2017_69_patch_233,62191,0,3311,34
train,ROIs1970_57_patch_237,60652,199,681,4004
train,ROIs2017_130_patch_157,940,25042,25641,13913
train,ROIs1970_112_patch_83,26485,6611,32440,0
train,ROIs1970_83_patch_3,36254,26,28981,275
train,ROIs2017_69_patch_138,49184,0,16000,352
train,ROIs1970_112_patch_139,19808,0,45728,0
train,ROIs1970_57_patch_228,62985,42,50,2459
train,ROIs2017_115_patch_193,42252,23280,4,0
train,ROIs2017_130_patch_125,5030,12965,36098,11443
train,ROIs1868_127_patch_221,61300,0,1704,2532
train,ROIs2017_115_patch_74,43833,19851,1852,0
train,ROIs2017_130_patch_134,2127,34787,25647,2975
train,ROIs1868_127_patch_71,22106,2771,40659,0
train,ROIs2017_69_patch_2,55917,0,9619,0
train,ROIs1970_57_patch_180,65383,6,1,146
train,ROIs2017_69_patch_215,60982,0,4398,156
train,ROIs2017_115_patch_118,4852,60124,560,0
train,ROIs2017_69_patch_120,51690,0,13740,106
train,ROIs2017_69_patch_280,56329,0,9204,3
train,ROIs1970_57_patch_176,63942,79,64,1451
train,ROIs2017_69_patch_265,52887,0,12047,602
train,ROIs2017_69_patch_200,58972,0,6530,34
train,ROIs1970_57_patch_132,64004,70,27,1435
train,ROIs1970_112_patch_49,1182,52,64302,0
train,ROIs2017_130_patch_171,5024,32964,26275,1273
train,ROIs1868_127_patch_226,56659,2376,6462,39
train,ROIs2017_130_patch_107,2472,6457,46337,10270
train,ROIs2017_130_patch_237,5029,43657,12984,3866
train,ROIs1970_83_patch_174,52117,5083,8329,7
train,ROIs1970_112_patch_222,0,7853,57683,0
train,ROIs1970_112_patch_158,11787,1,53748,0
train,ROIs1970_83_patch_100,37170,2192,26174,0
train,ROIs1970_83_patch_19,34375,16,30316,829
train,ROIs2017_115_patch_53,37638,24431,3467,0
train,ROIs1868_127_patch_62,40137,20503,4896,0
train,ROIs1970_57_patch_116,65432,2,1,101
train,ROIs2017_69_patch_87,60208,5,5323,0
train,ROIs2017_130_patch_256,5966,47758,10786,1026
train,ROIs2017_115_patch_62,24525,40821,190,0
train,ROIs2017_115_patch_7,13847,51689,0,0
train,ROIs1970_112_patch_254,0,3588,61948,0
train,ROIs2017_130_patch_225,2619,17314,42117,3486
train,ROIs1970_83_patch_235,61371,3791,374,0
train,ROIs1970_57_patch_110,60862,80,270,4324
train,ROIs2017_130_patch_86,9974,18281,13854,23427
train,ROIs2017_69_patch_278,43825,0,21459,252
train,ROIs2017_115_patch_179,39571,25302,663,0
train,ROIs2017_69_patch_282,57760,0,6181,1595
train,ROIs1970_57_patch_4,60654,50,418,4414
train,ROIs1970_112_patch_107,22357,22846,20333,0
train,ROIs1970_83_patch_67,33049,5618,26869,0
train,ROIs2017_115_patch_122,1791,63443,302,0
train,ROIs2017_115_patch_97,20725,44811,0,0
train,ROIs2017_115_patch_194,34959,30156,421,0
train,ROIs2017_115_patch_43,11484,54043,9,0
train,ROIs1970_57_patch_77,65106,6,69,355
train,ROIs1970_57_patch_65,63873,158,54,1451
train,ROIs2017_115_patch_26,18923,46603,10,0
train,ROIs2017_69_patch_220,59607,0,5321,608
train,ROIs1970_112_patch_152,15705,860,48971,0
train,ROIs2017_69_patch_134,57142,0,7793,601
train,ROIs1970_112_patch_92,2511,0,63025,0
train,ROIs2017_69_patch_86,58630,1,6904,1
train,ROIs2017_115_patch_249,24107,41429,0,0
train,ROIs2017_115_patch_126,1551,63894,91,0
train,ROIs2017_130_patch_141,303,39428,19682,6123
train,ROIs1868_127_patch_135,48127,1369,16019,21
train,ROIs2017_115_patch_240,26777,16261,22498,0
train,ROIs1868_127_patch_217,40670,0,1029,23837
train,ROIs1868_127_patch_120,53305,1,12229,1
train,ROIs2017_115_patch_40,4246,61290,0,0
train,ROIs2017_69_patch_201,56930,0,8587,19
train,ROIs1970_57_patch_170,59097,15,119,6305
train,ROIs1970_57_patch_177,63648,62,20,1806
train,ROIs2017_69_patch_164,51426,0,14110,0
train,ROIs2017_130_patch_192,2286,10404,44400,8446
train,ROIs1970_57_patch_182,60319,164,161,4892
train,ROIs2017_69_patch_59,53772,0,11739,25
train,ROIs1970_112_patch_135,532,542,64462,0
train,ROIs1970_112_patch_105,15049,0,50487,0
train,ROIs1970_83_patch_239,60803,2,4731,0
train,ROIs1868_127_patch_260,58719,1309,3025,2483
train,ROIs2017_130_patch_131,7240,33837,18604,5855
train,ROIs1970_112_patch_141,36050,456,29030,0
train,ROIs2017_69_patch_37,55862,0,9674,0
train,ROIs1868_127_patch_28,27295,19041,19200,0
train,ROIs1970_57_patch_97,64897,32,18,589
train,ROIs1970_112_patch_103,4469,1102,59965,0
train,ROIs2017_69_patch_173,53097,0,12439,0
train,ROIs1868_127_patch_134,51949,66,13506,15
train,ROIs1970_83_patch_217,34100,30759,677,0
train,ROIs1970_112_patch_266,0,32994,416,32126
train,ROIs2017_69_patch_117,61357,0,4176,3
train,ROIs1970_83_patch_188,25245,26571,13255,465
train,ROIs2017_115_patch_55,43631,20336,1569,0
train,ROIs2017_130_patch_211,13426,11866,38980,1264
train,ROIs1970_112_patch_213,0,65518,18,0
train,ROIs1868_127_patch_13,26576,23163,15797,0
train,ROIs1970_112_patch_134,3,49,65484,0
train,ROIs1970_83_patch_46,34123,9982,21431,0
train,ROIs2017_115_patch_92,31501,32128,1907,0
train,ROIs1970_83_patch_246,48871,348,16146,171
train,ROIs2017_69_patch_208,49379,0,16153,4
train,ROIs1868_127_patch_161,49874,678,14945,39
train,ROIs1970_83_patch_52,45101,1706,18729,0
train,ROIs2017_130_patch_4,15666,21653,23807,4410
train,ROIs2017_69_patch_275,56473,0,8874,189
train,ROIs2017_69_patch_147,57425,4,8107,0
train,ROIs2017_69_patch_36,57169,20,8347,0
train,ROIs2017_130_patch_11,7669,18233,37602,2032
train,ROIs2017_69_patch_221,52785,0,11673,1078
train,ROIs1970_112_patch_228,0,5,64066,1465
train,ROIs1970_83_patch_11,39731,669,25136,0
train,ROIs1970_57_patch_95,64032,65,29,1410
train,ROIs2017_115_patch_132,15523,49744,269,0
train,ROIs1970_112_patch_168,0,10546,54990,0
train,ROIs1970_83_patch_40,37879,441,11720,15496
train,ROIs2017_69_patch_214,58746,0,6658,132
train,ROIs2017_115_patch_29,2813,62717,6,0
train,ROIs2017_115_patch_269,44136,21400,0,0
train,ROIs1970_83_patch_248,63323,0,2213,0
train,ROIs1868_127_patch_2,57246,1,8289,0
train,ROIs1970_112_patch_196,523,65013,0,0
train,ROIs1970_57_patch_70,65447,0,29,60
train,ROIs2017_115_patch_85,5779,44050,15707,0
train,ROIs1970_83_patch_90,26885,16722,21929,0
train,ROIs1970_83_patch_156,58977,239,6320,0
train,ROIs1970_112_patch_74,0,0,65536,0
train,ROIs1970_112_patch_30,32653,0,32883,0
train,ROIs2017_69_patch_172,58843,0,2500,4193
train,ROIs2017_69_patch_273,60199,0,5336,1
train,ROIs1970_112_patch_17,49,3,65484,0
train,ROIs2017_69_patch_242,54272,0,10227,1037
train,ROIs1970_57_patch_165,62169,235,182,2950
train,ROIs2017_69_patch_237,53497,0,11232,807
train,ROIs2017_130_patch_216,3231,33831,24648,3826
train,ROIs1970_83_patch_190,10025,54539,972,0
train,ROIs1970_112_patch_58,2,0,65534,0
train,ROIs1970_57_patch_168,60708,246,453,4129
train,ROIs1970_57_patch_190,57660,51,174,7651
train,ROIs1970_112_patch_80,40114,1425,23997,0
train,ROIs1970_112_patch_37,0,0,65536,0
train,ROIs1868_127_patch_146,28074,33924,2790,748
train,ROIs1970_83_patch_45,36238,12774,16524,0
train,ROIs2017_115_patch_100,12829,52415,292,0
train,ROIs1970_112_patch_224,45,3504,61987,0
train,ROIs1868_127_patch_16,29153,14722,21661,0
train,ROIs1970_57_patch_15,62478,22,427,2609
train,ROIs2017_130_patch_3,3625,24930,36241,740
train,ROIs2017_69_patch_145,52085,3,13448,0
train,ROIs1970_57_patch_239,62434,39,46,3017
train,ROIs2017_69_patch_136,57362,0,7986,188
train,ROIs2017_115_patch_123,26,65498,12,0
train,ROIs2017_69_patch_119,57149,0,8385,2
train,ROIs1970_57_patch_204,65325,10,0,201
train,ROIs1970_83_patch_68,41822,4510,19204,0
train,ROIs2017_69_patch_49,63281,0,2255,0
train,ROIs1970_57_patch_99,64840,6,165,525
train,ROIs2017_69_patch_284,56845,0,8186,505
train,ROIs1970_57_patch_198,65296,41,3,196
train,ROIs1970_83_patch_143,44169,1271,19674,422
train,ROIs1970_83_patch_258,60597,400,4539,0
train,ROIs1970_57_patch_78,64528,46,209,753
train,ROIs1868_127_patch_91,53585,11,11437,503
train,ROIs2017_69_patch_251,63615,0,1579,342
train,ROIs1970_83_patch_233,62468,358,2710,0
train,ROIs1970_112_patch_202,0,4131,61405,0
train,ROIs1970_83_patch_255,60328,4055,1153,0
train,ROIs1868_127_patch_138,55545,0,9991,0
train,ROIs1868_127_patch_131,29513,30175,5846,2
train,ROIs1868_127_patch_89,31963,24,33534,15
train,ROIs1970_112_patch_146,0,104,65432,0
train,ROIs1970_83_patch_196,60684,2059,2702,91
train,ROIs2017_115_patch_174,11108,54428,0,0
train,ROIs1970_112_patch_197,36394,29142,0,0
train,ROIs1868_127_patch_227,61249,32,4216,39
train,ROIs2017_69_patch_130,60561,3,4972,0
train,ROIs2017_130_patch_269,10858,7304,30467,16907
train,ROIs2017_69_patch_154,56709,0,5482,3345
train,ROIs2017_130_patch_257,5520,39689,19994,333
train,ROIs2017_115_patch_125,493,64993,50,0
train,ROIs2017_69_patch_239,56078,0,9222,236
train,ROIs1970_83_patch_44,22660,23087,19789,0
train,ROIs2017_115_patch_71,37737,21869,5930,0
train,ROIs1970_57_patch_114,62924,17,167,2428
train,ROIs2017_115_patch_102,2968,62205,363,0
train,ROIs1970_83_patch_20,41056,286,23752,442
train,ROIs1970_112_patch_200,2,710,64824,0
train,ROIs1970_57_patch_130,61031,95,119,4291
train,ROIs1868_127_patch_150,34635,25341,5555,5
train,ROIs1970_57_patch_178,61812,33,9,3682
train,ROIs1970_112_patch_82,14136,4303,47097,0
train,ROIs2017_130_patch_214,7572,32800,9744,15420
train,ROIs1970_83_patch_84,10591,10746,44194,5
train,ROIs1970_112_patch_173,4782,2723,58031,0
train,ROIs2017_69_patch_55,58501,2,7033,0
train,ROIs1868_127_patch_32,25509,3864,36163,0
train,ROIs1970_112_patch_165,96,572,64868,0
train,ROIs2017_130_patch_18,695,24098,40683,60
train,ROIs1970_112_patch_231,1686,63765,85,0
train,ROIs1970_83_patch_87,34139,1500,29897,0
train,ROIs2017_115_patch_5,4980,60556,0,0
train,ROIs2017_115_patch_96,12310,53226,0,0
train,ROIs2017_130_patch_17,9800,12364,38959,4413
train,ROIs2017_115_patch_91,24677,36136,4723,0
train,ROIs1970_57_patch_146,64093,52,213,1178
train,ROIs2017_115_patch_60,9450,56045,41,0
train,ROIs2017_115_patch_25,42683,22827,26,0
train,ROIs1970_83_patch_5,39631,162,25743,0
train,ROIs2017_130_patch_151,4374,33669,26089,1404
train,ROIs2017_130_patch_120,8391,34272,20163,2710
train,ROIs1970_112_patch_246,0,469,59935,5132
train,ROIs2017_130_patch_110,2875,40570,20612,1479
train,ROIs2017_130_patch_69,7972,12601,36990,7973
train,ROIs2017_69_patch_276,58528,0,6989,19
train,ROIs1970_83_patch_94,39520,1547,24469,0
train,ROIs1868_127_patch_239,55244,0,1514,8778
train,ROIs1970_57_patch_112,59876,276,380,5004
train,ROIs2017_130_patch_170,4431,45001,15511,593
train,ROIs2017_69_patch_4,45446,0,20089,1
train,ROIs1970_112_patch_65,19165,122,46249,0
train,ROIs2017_115_patch_245,45653,16598,3285,0
train,ROIs2017_69_patch_149,57807,1,7728,0
train,ROIs1970_57_patch_225,56186,58,15,9277
train,ROIs1970_57_patch_123,61313,22,159,4042
train,ROIs2017_115_patch_144,8298,56879,359,0
train,ROIs1970_112_patch_178,0,58647,6889,0
train,ROIs2017_69_patch_180,59800,0,5725,11
train,ROIs1970_57_patch_199,63522,77,42,1895
train,ROIs2017_69_patch_177,59907,0,4541,1088
train,ROIs1970_83_patch_281,34499,1009,30023,5
train,ROIs1970_57_patch_207,56375,68,83,9010
train,ROIs2017_130_patch_102,5102,48992,7312,4130
train,ROIs1970_57_patch_192,62923,20,253,2340
train,ROIs2017_69_patch_19,50046,0,15463,27
train,ROIs2017_69_patch_193,47125,0,18368,43
train,ROIs1970_112_patch_232,25942,28180,11414,0
train,ROIs2017_115_patch_239,39659,20024,5853,0
train,ROIs2017_130_patch_60,10711,18110,32364,4351
train,ROIs2017_115_patch_80,13537,51859,140,0
train,ROIs2017_130_patch_103,7751,43354,8336,6095
train,ROIs1970_112_patch_98,36885,1726,26925,0
train,ROIs2017_69_patch_97,45167,0,20369,0
train,ROIs2017_115_patch_168,59650,5850,36,0
train,ROIs1868_127_patch_143,42809,79,22648,0
train,ROIs1970_83_patch_13,29500,48,35988,0
train,ROIs1970_57_patch_134,63381,77,234,1844
train,ROIs1970_57_patch_173,57577,106,233,7620
train,ROIs1868_127_patch_129,15509,42307,7720,0
train,ROIs2017_130_patch_234,7831,37660,18459,1586
train,ROIs1970_112_patch_18,0,0,65536,0
train,ROIs1970_83_patch_210,44227,20826,483,0
train,ROIs2017_69_patch_8,51168,0,14368,0
train,ROIs2017_69_patch_94,53254,0,12282,0
train,ROIs2017_69_patch_283,57363,0,7617,556
train,ROIs1970_83_patch_269,64332,10,1194,0
train,ROIs1970_112_patch_9,34731,15,30790,0
train,ROIs2017_69_patch_106,53955,3,11578,0
train,ROIs1970_112_patch_136,3675,726,61135,0
train,ROIs1970_83_patch_72,56434,1741,7361,0
train,ROIs1970_57_patch_189,62466,12,143,2915
train,ROIs1970_57_patch_64,64621,11,184,720
train,ROIs2017_115_patch_140,32737,30829,1970,0
train,ROIs1970_57_patch_210,62258,58,35,3185
train,ROIs1970_112_patch_34,168,72,65296,0
train,ROIs1970_83_patch_141,47516,54,17883,83
train,ROIs1868_127_patch_215,55176,1135,9225,0
train,ROIs2017_130_patch_261,3680,25207,29533,7116
train,ROIs2017_69_patch_143,51858,15,13663,0
train,ROIs1970_83_patch_236,57360,5665,2511,0
train,ROIs2017_69_patch_121,49806,0,15687,43
train,ROIs1970_112_patch_35,8,11,65517,0
train,ROIs2017_69_patch_64,59810,0,5724,2
train,ROIs1970_112_patch_142,25417,4913,27331,7875
train,ROIs2017_130_patch_22,5909,25767,31940,1920
train,ROIs2017_69_patch_5,47775,0,17759,2
train,ROIs1868_127_patch_210,26360,221,38794,161
train,ROIs1868_127_patch_188,52833,9727,2976,0
train,ROIs1868_127_patch_253,60234,17,4086,1199
train,ROIs1970_57_patch_105,61857,40,105,3534
train,ROIs2017_115_patch_199,54303,11151,82,0
train,ROIs1970_112_patch_79,26888,3,38645,0
train,ROIs2017_69_patch_263,54169,0,10224,1143
train,ROIs1868_127_patch_262,61151,177,2724,1484
train,ROIs2017_115_patch_2,16896,48640,0,0
train,ROIs1868_127_patch_213,60211,616,4709,0
train,ROIs1868_127_patch_255,52267,170,2097,11002
train,ROIs2017_130_patch_149,1362,38122,24947,1105
train,ROIs2017_130_patch_10,21879,15629,23242,4786
train,ROIs1970_57_patch_36,62759,21,333,2423
train,ROIs1970_57_patch_158,60780,56,202,4498
train,ROIs1970_83_patch_191,21737,43711,88,0
train,ROIs2017_115_patch_39,1509,64027,0,0
train,ROIs1970_112_patch_238,0,2014,63522,0
train,ROIs2017_69_patch_118,61241,0,4288,7
train,ROIs1868_127_patch_104,32419,1174,31943,0
train,ROIs2017_115_patch_216,48055,17481,0,0
train,ROIs2017_130_patch_15,8067,14094,39115,4260
train,ROIs1868_127_patch_128,4746,57970,2820,0
train,ROIs1868_127_patch_163,60099,1629,1417,2391
train,ROIs1970_57_patch_153,61271,15,11,4239
train,ROIs2017_130_patch_159,2424,47439,13719,1954
train,ROIs1970_83_patch_129,44482,13858,7196,0
train,ROIs1970_83_patch_47,36777,4318,24441,0
train,ROIs1970_83_patch_17,47209,23,18199,105
train,ROIs2017_115_patch_268,43124,22412,0,0
train,ROIs1868_127_patch_199,59971,240,814,4511
train,ROIs2017_130_patch_21,3324,22218,38412,1582
train,ROIs2017_130_patch_263,9023,13434,22953,20126
train,ROIs2017_130_patch_70,6858,7405,30512,20761
train,ROIs2017_69_patch_137,55816,0,9715,5
train,ROIs1970_83_patch_22,54295,396,10267,578
train,ROIs1970_83_patch_136,64348,630,548,10
train,ROIs1970_112_patch_64,4569,2693,58274,0
train,ROIs2017_115_patch_280,51835,5049,8652,0
train,ROIs1970_112_patch_120,1893,11,63632,0
train,ROIs2017_130_patch_48,9726,29390,19052,7368
train,ROIs2017_69_patch_148,54228,7,11301,0
train,ROIs1970_83_patch_149,46845,6347,12071,273
train,ROIs1970_83_patch_110,23608,10289,31639,0
train,ROIs2017_115_patch_191,11645,53891,0,0
train,ROIs2017_115_patch_52,34738,27261,3537,0
train,ROIs2017_69_patch_222,50576,0,13979,981
train,ROIs1868_127_patch_35,41337,12553,11646,0
train,ROIs1970_112_patch_70,1313,12,64211,0
train,ROIs2017_130_patch_96,11771,30485,17489,5791
train,ROIs1970_112_patch_236,37,9897,55602,0
train,ROIs2017_115_patch_70,33765,27960,3811,0
train,ROIs2017_130_patch_90,4620,32279,28631,6
train,ROIs1970_57_patch_54,60368,6,127,5035
train,ROIs1970_83_patch_225,57723,1701,5782,330
train,ROIs2017_115_patch_98,8727,56799,10,0
train,ROIs2017_69_patch_135,62703,0,2091,742
train,ROIs2017_130_patch_24,24740,10693,18446,11657
train,ROIs2017_115_patch_196,41853,23642,41,0
train,ROIs2017_115_patch_275,39789,21793,3954,0
train,ROIs2017_115_patch_148,22221,42809,506,0
train,ROIs1970_83_patch_195,61651,2114,1770,1
train,ROIs2017_130_patch_115,14609,27514,16351,7062
train,ROIs2017_115_patch_20,7990,57546,0,0
train,ROIs2017_115_patch_246,47609,17784,143,0
train,ROIs1970_112_patch_12,21632,0,43904,0
train,ROIs2017_115_patch_241,27497,16284,21755,0
train,ROIs1970_83_patch_57,55985,1569,6336,1646
train,ROIs1868_127_patch_200,55630,18,2320,7568
train,ROIs2017_115_patch_66,8977,56503,56,0
train,ROIs2017_115_patch_173,19019,46517,0,0
train,ROIs1868_127_patch_49,36001,124,29411,0
train,ROIs2017_69_patch_47,60681,0,4854,1
train,ROIs2017_115_patch_141,18727,45938,871,0
train,ROIs2017_69_patch_205,61386,0,4150,0
train,ROIs2017_130_patch_160,332,16504,4450,44250
train,ROIs1970_83_patch_242,64627,2,907,0
train,ROIs2017_115_patch_90,7609,51484,6443,0
train,ROIs2017_69_patch_165,55608,2,9905,21
train,ROIs1970_57_patch_108,61109,70,121,4236
train,ROIs2017_115_patch_163,35262,29437,837,0
train,ROIs1868_127_patch_266,60187,219,5130,0
train,ROIs1970_83_patch_131,50849,10117,4553,17
train,ROIs1970_57_patch_242,56056,61,105,9314
train,ROIs2017_69_patch_32,63856,0,1680,0
train,ROIs1970_83_patch_189,32396,22272,10339,529
train,ROIs1970_57_patch_30,65359,4,21,152
train,ROIs2017_115_patch_209,5684,59852,0,0
train,ROIs2017_69_patch_225,57586,0,7875,75
train,ROIs1970_83_patch_98,50778,829,13914,15
train,ROIs2017_130_patch_265,5859,17341,28807,13529
train,ROIs1970_112_patch_209,92,68,65376,0
train,ROIs1970_112_patch_69,89,4,65443,0
train,ROIs1868_127_patch_246,59110,975,5451,0
train,ROIs1970_83_patch_71,43955,4947,16634,0
train,ROIs2017_130_patch_266,9520,15712,36704,3600
train,ROIs1868_127_patch_211,28904,836,35766,30
train,ROIs1970_57_patch_144,64818,10,16,692
train,ROIs1868_127_patch_60,53244,796,11496,0
train,ROIs1868_127_patch_125,44315,22,21199,0
train,ROIs2017_130_patch_148,1399,41387,21324,1426
train,ROIs1970_83_patch_41,43644,9573,7855,4464
train,ROIs1868_127_patch_43,59272,0,6264,0
train,ROIs2017_130_patch_85,15186,34750,10019,5581
train,ROIs1970_112_patch_245,0,26,65510,0
train,ROIs2017_115_patch_176,16704,43752,5080,0
train,ROIs1868_127_patch_244,57017,115,8404,0
train,ROIs1970_83_patch_268,61595,15,3926,0
train,ROIs2017_69_patch_58,38882,0,26647,7
train,ROIs1970_83_patch_118,58494,53,6899,90
train,ROIs1970_83_patch_171,39404,19828,6304,0
train,ROIs1868_127_patch_54,59235,0,6301,0
train,ROIs1970_112_patch_162,0,0,65536,0
train,ROIs2017_69_patch_234,62042,0,3474,20
train,ROIs1868_127_patch_254,51052,165,4467,9852
train,ROIs2017_69_patch_281,54234,0,11098,204
train,ROIs1970_57_patch_37,63705,6,109,1716
train,ROIs2017_115_patch_16,49320,16208,8,0
train,ROIs1970_57_patch_0,65523,0,5,8
train,ROIs1970_83_patch_280,55078,2845,7613,0
train,ROIs2017_115_patch_181,38014,27269,253,0
train,ROIs2017_69_patch_236,59514,0,3762,2260
train,ROIs2017_130_patch_222,3971,32456,27903,1206
train,ROIs1970_112_patch_111,1070,3,64463,0
train,ROIs1970_57_patch_94,62116,57,55,3308
train,ROIs1868_127_patch_205,55013,7432,3091,0
train,ROIs1868_127_patch_269,37376,2201,25959,0
train,ROIs1970_112_patch_219,2,3958,61576,0
train,ROIs2017_69_patch_255,61577,0,3205,754
train,ROIs1868_127_patch_37,57555,0,7981,0
train,ROIs1970_57_patch_206,65274,10,0,252
train,ROIs1970_112_patch_116,716,3,64817,0
train,ROIs1970_57_patch_11,64241,8,85,1202
train,ROIs2017_130_patch_49,6856,31572,22060,5048
train,ROIs1970_83_patch_158,41542,5983,18011,0
train,ROIs2017_130_patch_38,2394,28165,34365,612
train,ROIs1970_57_patch_169,65401,5,42,88
train,ROIs1970_57_patch_82,65030,28,136,342
train,ROIs2017_130_patch_132,10677,32790,19796,2273
train,ROIs2017_130_patch_196,11608,22517,10185,21226
train,ROIs2017_115_patch_244,47438,12829,5269,0
train,ROIs1868_127_patch_158,44033,0,21503,0
train,ROIs1970_57_patch_84,59048,172,477,5839
train,ROIs1970_112_patch_156,2489,3,63044,0
train,ROIs2017_130_patch_101,9212,45730,8357,2237
train,ROIs1868_127_patch_44,57045,1044,7447,0
train,ROIs1868_127_patch_267,55167,2070,8299,0
train,ROIs1970_83_patch_199,20436,39295,5805,0
train,ROIs1970_112_patch_48,6560,80,58896,0
train,ROIs2017_130_patch_33,14666,17705,27807,5358
train,ROIs1970_112_patch_127,0,0,65536,0
train,ROIs1868_127_patch_95,50576,2945,9686,2329
train,ROIs1970_57_patch_246,61490,374,145,3527
train,ROIs1868_127_patch_81,32054,18506,14976,0
train,ROIs2017_115_patch_252,32410,33126,0,0
train,ROIs1970_83_patch_42,28922,12496,24118,0
train,ROIs1970_112_patch_19,0,0,65536,0
train,ROIs1970_83_patch_70,30098,20197,15241,0
train,ROIs1970_83_patch_170,20925,2196,41641,774
train,ROIs1868_127_patch_67,22180,15,43338,3
train,ROIs2017_69_patch_61,61895,0,3611,30
train,ROIs1970_83_patch_21,54318,201,9683,1334
train,ROIs1970_83_patch_249,64807,0,729,0
train,ROIs1970_83_patch_25,37989,7247,20300,0
train,ROIs1868_127_patch_229,47395,67,18074,0
train,ROIs2017_130_patch_35,15745,4875,43563,1353
train,ROIs2017_115_patch_282,48465,8186,8885,0
train,ROIs1970_112_patch_221,0,15800,49736,0
train,ROIs2017_115_patch_59,6691,58842,3,0
train,ROIs2017_69_patch_238,55773,0,8260,1503
train,ROIs2017_115_patch_258,36699,14974,13863,0
train,ROIs1970_57_patch_19,63982,1,200,1353
train,ROIs1970_83_patch_221,54431,4183,6919,3
train,ROIs1970_83_patch_226,54213,11,10918,394
train,ROIs2017_130_patch_71,1197,5677,27281,31381
train,ROIs1970_83_patch_207,45325,11970,5250,2991
train,ROIs2017_69_patch_162,56224,0,9304,8
train,ROIs1868_127_patch_40,51648,458,13430,0
train,ROIs1868_127_patch_224,56039,1558,7937,2
train,ROIs2017_130_patch_250,18436,17020,26512,3568
train,ROIs2017_130_patch_20,4190,20606,40231,509
train,ROIs1970_83_patch_146,41901,5751,17884,0
train,ROIs2017_115_patch_228,17480,48056,0,0
train,ROIs1970_83_patch_183,9485,52982,3069,0
train,ROIs1970_57_patch_254,56005,218,359,8954
train,ROIs1868_127_patch_231,51697,188,13651,0
train,ROIs1970_83_patch_39,30395,2313,28930,3898
train,ROIs2017_69_patch_40,35597,0,29933,6
train,ROIs2017_69_patch_101,60210,0,5309,17
train,ROIs1868_127_patch_31,30353,14556,20627,0
train,ROIs2017_115_patch_101,7088,57325,1123,0
train,ROIs1970_57_patch_22,60409,12,1000,4115
train,ROIs1970_83_patch_36,55781,3,9752,0
train,ROIs2017_115_patch_192,30928,34608,0,0
train,ROIs1970_57_patch_227,64945,30,43,518
train,ROIs1970_112_patch_102,771,2680,62085,0
train,ROIs2017_69_patch_190,59572,0,3435,2529
train,ROIs2017_69_patch_34,55658,6,9872,0
train,ROIs1970_57_patch_220,57656,89,429,7362
train,ROIs1970_112_patch_110,19,0,65517,0
train,ROIs2017_115_patch_263,48370,5956,11210,0
train,ROIs1868_127_patch_42,58772,3262,3502,0
train,ROIs2017_115_patch_271,32645,32891,0,0
train,ROIs2017_115_patch_257,36919,23427,5190,0
train,ROIs2017_130_patch_76,2945,30862,30518,1211
train,ROIs1868_127_patch_268,54186,331,11019,0
train,ROIs2017_69_patch_9,58961,0,6575,0
train,ROIs1970_83_patch_220,38005,25145,2386,0
train,ROIs1868_127_patch_52,31250,3411,30875,0
train,ROIs2017_130_patch_104,7862,33024,13407,11243
train,ROIs2017_69_patch_226,61095,0,4441,0
train,ROIs2017_130_patch_116,12168,33657,14669,5042
train,ROIs1868_127_patch_22,56990,1,8545,0
train,ROIs2017_130_patch_240,11098,35559,17043,1836
train,ROIs1970_112_patch_91,1629,0,63907,0
train,ROIs2017_130_patch_16,6254,24385,33207,1690
train,ROIs1970_112_patch_140,11905,0,53631,0
train,ROIs2017_115_patch_253,30872,33628,1036,0
train,ROIs1970_83_patch_180,17671,6085,36851,4929
train,ROIs1970_83_patch_251,60944,13,4579,0
train,ROIs2017_130_patch_230,21371,27407,16741,17
train,ROIs1970_112_patch_78,27260,59,38217,0
train,ROIs2017_69_patch_133,54119,0,11241,176
train,ROIs1970_112_patch_96,13601,368,51567,0
train,ROIs2017_115_patch_201,40953,24211,372,0
train,ROIs1970_57_patch_232,62942,127,53,2414
train,ROIs1970_83_patch_179,15881,16252,32651,752
train,ROIs1970_112_patch_225,46,4623,60867,0
train,ROIs1970_112_patch_88,4022,1,61513,0
train,ROIs1970_57_patch_50,63730,11,51,1744
train,ROIs1868_127_patch_187,58963,3102,3453,18
train,ROIs1970_57_patch_91,61649,34,48,3805
train,ROIs2017_69_patch_60,55327,0,10190,19
train,ROIs1970_57_patch_147,60266,106,338,4826
train,ROIs2017_115_patch_248,40890,24642,4,0
train,ROIs1970_57_patch_32,65060,8,45,423
train,ROIs1970_57_patch_48,63993,28,188,1327
train,ROIs2017_69_patch_170,48687,0,16843,6
train,ROIs1970_57_patch_80,65047,41,350,98
train,ROIs2017_130_patch_212,7764,32275,25427,70
train,ROIs2017_130_patch_84,9414,45868,5722,4532
train,ROIs2017_130_patch_68,5861,14683,33032,11960
train,ROIs2017_69_patch_24,55729,0,9807,0
train,ROIs1970_112_patch_50,109,26,65401,0
train,ROIs1970_112_patch_148,40,87,65409,0
train,ROIs1970_112_patch_76,12799,0,52737,0
train,ROIs1970_57_patch_62,64209,0,548,779
train,ROIs1970_57_patch_33,63679,15,515,1327
train,ROIs2017_69_patch_74,59906,1,5629,0
train,ROIs2017_115_patch_220,43556,20653,1327,0
train,ROIs1868_127_patch_113,35208,18148,10676,1504
train,ROIs1970_112_patch_157,7802,0,57734,0
train,ROIs2017_69_patch_256,52665,0,10336,2535
train,ROIs2017_115_patch_261,55511,4117,5908,0
train,ROIs1868_127_patch_236,46869,340,1001,17326
train,ROIs1970_83_patch_206,37721,21662,3784,2369
train,ROIs1970_112_patch_100,20676,132,44728,0
train,ROIs1970_57_patch_183,61847,168,152,3369
train,ROIs2017_115_patch_12,6948,58579,9,0
train,ROIs2017_130_patch_195,3796,29035,16093,16612
train,ROIs1970_112_patch_109,1229,0,64307,0
train,ROIs1970_57_patch_122,59783,87,90,5576
train,ROIs1868_127_patch_79,21737,37905,5894,0
train,ROIs1970_83_patch_55,54034,139,11363,0
train,ROIs2017_69_patch_69,62580,0,2956,0
train,ROIs1970_83_patch_29,29198,526,35812,0
train,ROIs1970_57_patch_87,65284,0,30,222
train,ROIs1970_112_patch_166,90,135,65311,0
train,ROIs1970_57_patch_126,59506,208,117,5705
train,ROIs2017_115_patch_23,11219,54314,3,0
train,ROIs1970_57_patch_113,57098,317,558,7563
train,ROIs1970_83_patch_150,50202,552,14633,149
train,ROIs2017_130_patch_5,12319,9551,27893,15773
train,ROIs2017_115_patch_152,12723,52787,26,0
train,ROIs1970_57_patch_47,61833,21,153,3529
train,ROIs1868_127_patch_234,52362,1072,6823,5279
train,ROIs1868_127_patch_103,36481,175,28870,10
train,ROIs2017_69_patch_223,51938,0,13236,362
train,ROIs1970_83_patch_139,54543,4,10989,0
train,ROIs2017_130_patch_55,3720,40923,20510,383
train,ROIs1868_127_patch_123,30111,1563,33862,0
train,ROIs2017_69_patch_183,58861,0,6664,11
train,ROIs2017_115_patch_230,31838,33698,0,0
train,ROIs1970_112_patch_229,3235,8814,27219,26268
train,ROIs2017_69_patch_104,56400,0,9114,22
train,ROIs2017_130_patch_128,8431,51857,4996,252
train,ROIs2017_69_patch_212,61400,0,4053,83
train,ROIs2017_130_patch_188,4252,21559,36603,3122
train,ROIs1970_57_patch_200,61102,324,124,3986
train,ROIs1868_127_patch_124,30813,2,34721,0
train,ROIs2017_115_patch_180,44445,20981,110,0
train,ROIs2017_130_patch_13,11630,21409,30820,1677
train,ROIs2017_69_patch_207,58735,0,6801,0
train,ROIs2017_69_patch_142,59436,17,6083,0
train,ROIs2017_69_patch_181,50231,0,15215,90
train,ROIs2017_130_patch_178,1568,22174,23452,18342
train,ROIs1970_57_patch_209,63750,39,74,1673
train,ROIs1970_57_patch_68,65089,0,26,421
train,ROIs2017_130_patch_198,4867,24968,33561,2140
train,ROIs1970_83_patch_201,11297,51103,3136,0
train,ROIs1868_127_patch_25,59200,0,6336,0
train,ROIs1868_127_patch_101,56500,17,9015,4
train,ROIs1868_127_patch_90,58702,94,6740,0
train,ROIs1970_112_patch_189,1377,34446,29713,0
train,ROIs1970_112_patch_67,644,4906,59986,0
train,ROIs1868_127_patch_122,35207,756,29573,0
train,ROIs1970_57_patch_40,64005,1,27,1503
train,ROIs1970_83_patch_34,43720,22,21794,0
train,ROIs1970_112_patch_263,0,627,55398,9511
train,ROIs1970_112_patch_22,0,0,65536,0
train,ROIs1970_112_patch_182,63,43,65430,0
train,ROIs2017_130_patch_249,17111,37358,10458,609
train,ROIs2017_115_patch_103,2853,62294,389,0
train,ROIs2017_115_patch_242,47285,12243,6008,0
train,ROIs2017_115_patch_198,44057,20996,483,0
train,ROIs1970_112_patch_251,2575,11478,51459,24
train,ROIs2017_115_patch_56,50600,11490,3446,0
train,ROIs2017_115_patch_110,11748,53304,484,0
train,ROIs1868_127_patch_96,45601,16386,3549,0
train,ROIs1868_127_patch_259,64134,4,1385,13
train,ROIs2017_69_patch_10,59670,0,5866,0
train,ROIs1970_83_patch_213,62382,2750,404,0
train,ROIs2017_69_patch_253,60661,0,4768,107
train,ROIs1970_112_patch_72,0,0,65536,0
train,ROIs1970_112_patch_175,3880,1,61655,0
train,ROIs2017_130_patch_139,1448,54737,6879,2472
train,ROIs1868_127_patch_162,62056,695,1065,1720
train,ROIs1970_112_patch_112,15398,24,50114,0
train,ROIs2017_69_patch_259,45373,0,19662,501
train,ROIs1970_57_patch_244,62058,290,82,3106
train,ROIs2017_130_patch_39,4809,21649,32895,6183
train,ROIs2017_130_patch_166,2879,28248,34082,327
train,ROIs2017_115_patch_232,33307,32229,0,0
train,ROIs1970_112_patch_174,5104,0,60432,0
train,ROIs2017_115_patch_17,29427,35771,338,0
train,ROIs2017_130_patch_82,6791,45313,7714,5718
train,ROIs2017_115_patch_200,46569,18962,5,0
train,ROIs1970_83_patch_77,63095,462,1888,91
train,ROIs1868_127_patch_168,57197,2850,5166,323
train,ROIs1868_127_patch_50,37251,114,28171,0
train,ROIs2017_69_patch_52,58983,0,6553,0
train,ROIs2017_130_patch_228,2159,17724,42561,3092
train,ROIs2017_130_patch_245,5393,12873,36672,10598
train,ROIs1868_127_patch_98,29337,29320,6879,0
train,ROIs2017_115_patch_162,21353,43857,326,0
train,ROIs1970_57_patch_229,63693,217,9,1617
train,ROIs1970_57_patch_102,61307,6,67,4156
train,ROIs2017_115_patch_229,25924,39612,0,0
train,ROIs1970_83_patch_93,40790,4095,20651,0
train,ROIs1970_112_patch_163,0,0,65536,0
train,ROIs1970_112_patch_32,7499,1,58036,0
train,ROIs2017_115_patch_183,40319,24405,812,0
train,ROIs2017_115_patch_89,17465,43338,4733,0
train,ROIs2017_69_patch_21,52125,0,13411,0
train,ROIs2017_115_patch_215,55219,10317,0,0
train,ROIs1868_127_patch_243,60309,1747,2838,642
train,ROIs1970_83_patch_126,50382,845,14309,0
train,ROIs2017_130_patch_73,6036,37796,19995,1709
train,ROIs2017_115_patch_81,17216,48161,159,0
train,ROIs1970_83_patch_82,11493,19074,34969,0
train,ROIs1970_57_patch_100,65060,2,201,273
train,ROIs2017_130_patch_176,3992,27583,15089,18872
train,ROIs1868_127_patch_24,60426,0,5110,0
train,ROIs1970_57_patch_163,59405,246,993,4892
train,ROIs1970_83_patch_185,12890,49134,3512,0
train,ROIs2017_115_patch_93,51218,13056,1262,0
train,ROIs1970_83_patch_140,48555,28,16952,1
train,ROIs2017_130_patch_154,10504,31867,22033,1132
train,ROIs1970_112_patch_170,7735,2100,55701,0
train,ROIs2017_130_patch_147,6143,48341,10894,158
train,ROIs2017_115_patch_57,6459,59077,0,0
train,ROIs1970_83_patch_27,36958,2799,25779,0
train,ROIs1970_83_patch_219,51652,8602,5276,6
train,ROIs1970_112_patch_40,0,0,65536,0
train,ROIs1970_112_patch_241,0,32173,33363,0
train,ROIs1970_57_patch_43,64651,16,140,729
train,ROIs2017_130_patch_153,8143,37081,18848,1464
train,ROIs1970_112_patch_188,147,28414,36975,0
train,ROIs1970_112_patch_4,0,0,65536,0
train,ROIs1868_127_patch_109,40883,18256,5406,991
train,ROIs1970_83_patch_61,24990,30947,9599,0
train,ROIs1970_112_patch_252,278,2734,61660,864
train,ROIs1868_127_patch_11,42398,4486,18652,0
train,ROIs1970_112_patch_192,83,958,64495,0
train,ROIs2017_115_patch_156,21938,42057,1541,0
train,ROIs1868_127_patch_232,61795,678,3063,0
train,ROIs1970_57_patch_93,62769,17,25,2725
train,ROIs2017_130_patch_202,7265,34663,20712,2896
train,ROIs2017_115_patch_161,34794,26741,3970,31
train,ROIs1970_83_patch_194,61003,2992,1541,0
train,ROIs2017_69_patch_90,60184,13,5339,0
train,ROIs1970_112_patch_10,20474,1678,43384,0
train,ROIs1970_83_patch_80,11494,36799,17243,0
train,ROIs2017_115_patch_3,20149,45372,15,0
train,ROIs2017_69_patch_198,60808,0,4664,64
train,ROIs1970_112_patch_54,0,0,65536,0
train,ROIs2017_130_patch_201,4612,36866,21011,3047
train,ROIs1868_127_patch_249,50701,681,14154,0
train,ROIs1868_127_patch_172,60192,51,5117,176
train,ROIs1970_57_patch_156,56091,134,53,9258
train,ROIs2017_130_patch_140,1863,44736,14259,4678
train,ROIs1970_83_patch_215,62493,452,2579,12
train,ROIs2017_130_patch_112,6536,43975,12387,2638
train,ROIs2017_115_patch_247,24498,41033,5,0
train,ROIs1970_83_patch_115,62114,69,3249,104
train,ROIs1970_83_patch_66,38483,9172,17881,0
train,ROIs1868_127_patch_88,41240,1,24259,36
train,ROIs1868_127_patch_99,39382,10388,15721,45
train,ROIs1970_112_patch_87,6144,48,59344,0
train,ROIs1970_112_patch_167,5,4019,61512,0
train,ROIs1868_127_patch_80,32012,30998,2526,0
train,ROIs2017_115_patch_212,28371,37159,6,0
train,ROIs1970_57_patch_224,62731,25,8,2772
train,ROIs1868_127_patch_175,56940,1216,7380,0
train,ROIs1970_112_patch_125,2177,14909,47939,511
train,ROIs2017_69_patch_81,56434,0,9052,50
train,ROIs1970_57_patch_159,61872,46,66,3552
train,ROIs2017_130_patch_118,4651,31295,11483,18107
train,ROIs2017_69_patch_82,53803,0,11680,53
train,ROIs1970_57_patch_133,65201,17,2,316
train,ROIs1970_57_patch_83,60410,135,532,4459
train,ROIs2017_69_patch_62,58749,0,6780,7
train,ROIs2017_130_patch_114,7801,44264,9480,3991
train,ROIs1970_83_patch_265,47962,4068,13213,293
train,ROIs2017_69_patch_16,55541,0,9995,0
train,ROIs1970_57_patch_13,64750,2,80,704
train,ROIs1970_83_patch_186,45045,10138,10335,18
train,ROIs1868_127_patch_218,54775,946,676,9139
train,ROIs2017_115_patch_30,464,65072,0,0
train,ROIs1868_127_patch_185,44855,15234,5320,127
train,ROIs1868_127_patch_77,54661,8,10858,9
train,ROIs1970_83_patch_105,23699,3461,38143,233
train,ROIs1970_112_patch_101,16756,8,48772,0
train,ROIs1970_83_patch_109,40498,2615,22357,66
train,ROIs2017_130_patch_25,12627,3949,18304,30656
train,ROIs1868_127_patch_21,58198,0,7338,0
train,ROIs2017_69_patch_247,63322,0,1075,1139
train,ROIs1970_57_patch_55,57016,25,726,7769
train,ROIs2017_69_patch_83,55471,0,10020,45
train,ROIs2017_130_patch_111,5330,46025,11379,2802
train,ROIs1868_127_patch_152,57172,321,8016,27
train,ROIs1970_112_patch_150,0,12300,53236,0
train,ROIs1970_83_patch_123,35804,4941,24745,46
train,ROIs1868_127_patch_192,43869,8619,11986,1062
train,ROIs2017_69_patch_44,59789,0,5629,118
train,ROIs2017_130_patch_119,8156,20392,21465,15523
train,ROIs2017_69_patch_228,63840,0,1385,311
train,ROIs1970_57_patch_247,58104,542,169,6721
train,ROIs1970_57_patch_27,63824,26,535,1151
train,ROIs1970_83_patch_56,58128,0,7408,0
train,ROIs1970_112_patch_171,15763,11989,37784,0
train,ROIs1970_112_patch_260,0,21107,44429,0
train,ROIs1970_112_patch_247,0,14526,33432,17578
train,ROIs2017_130_patch_54,4136,32764,27186,1450
train,ROIs2017_130_patch_23,20974,16226,24439,3897
train,ROIs1970_112_patch_59,23598,74,41864,0
train,ROIs1970_112_patch_31,24770,0,40766,0
train,ROIs2017_115_patch_250,33237,32299,0,0
train,ROIs1970_83_patch_81,15137,26595,23804,0
train,ROIs1970_112_patch_208,57,111,65368,0
train,ROIs2017_130_patch_165,5251,41244,18464,577
train,ROIs1970_57_patch_136,62437,1,14,3084
train,ROIs2017_69_patch_209,61809,0,3641,86
train,ROIs1970_112_patch_133,50,197,65289,0
train,ROIs1868_127_patch_74,44671,0,19017,1848
train,ROIs1970_57_patch_107,54386,43,316,10791
train,ROIs1970_57_patch_188,62325,5,126,3080
train,ROIs1868_127_patch_230,42734,692,22110,0
train,ROIs1970_112_patch_249,0,65000,361,175
train,ROIs1868_127_patch_256,61982,46,167,3341
train,ROIs1970_57_patch_197,65059,8,3,466
train,ROIs1868_127_patch_235,24758,0,2600,38178
train,ROIs2017_69_patch_161,60679,0,4788,69
train,ROIs1868_127_patch_182,59676,1354,755,3751
train,ROIs1970_83_patch_63,19365,23784,22387,0
train,ROIs1970_112_patch_234,0,4405,61094,37
train,ROIs2017_115_patch_207,44601,20935,0,0
train,ROIs2017_115_patch_44,2897,62573,66,0
train,ROIs2017_115_patch_149,38722,26382,432,0
train,ROIs1970_112_patch_24,42771,3141,19624,0
train,ROIs1970_57_patch_85,62471,112,157,2796
train,ROIs1970_83_patch_99,46602,1446,17476,12
train,ROIs1970_57_patch_219,60959,329,148,4100
train,ROIs2017_130_patch_179,998,13779,11145,39614
train,ROIs1970_112_patch_60,27276,1948,36312,0
train,ROIs2017_69_patch_76,41198,0,24294,44
train,ROIs1970_112_patch_235,10,6957,58301,268
train,ROIs1970_83_patch_108,53423,309,11798,6
train,ROIs1970_83_patch_260,53325,0,12211,0
train,ROIs2017_115_patch_158,14423,49777,1336,0
train,ROIs2017_130_patch_32,5802,19653,39185,896
train,ROIs2017_69_patch_51,63630,0,1906,0
train,ROIs1868_127_patch_136,44599,9108,11829,0
train,ROIs2017_115_patch_195,28497,36459,580,0
train,ROIs2017_130_patch_215,5646,19311,27513,13066
train,ROIs2017_130_patch_219,13476,31525,15139,5396
train,ROIs1868_127_patch_59,49392,635,15509,0
train,ROIs2017_115_patch_32,3779,60790,967,0
train,ROIs2017_69_patch_1,52469,0,13067,0
train,ROIs1868_127_patch_166,41931,11055,8259,4291
train,ROIs1970_57_patch_115,65451,4,24,57
train,ROIs2017_130_patch_155,3408,27632,33906,590
train,ROIs2017_130_patch_175,5374,32962,20681,6519
train,ROIs1970_112_patch_104,9302,527,55707,0
train,ROIs1970_112_patch_226,17,606,64913,0
train,ROIs1970_112_patch_144,0,0,65536,0
train,ROIs2017_115_patch_146,740,64516,280,0
train,ROIs1868_127_patch_154,49584,3268,12623,61
train,ROIs1970_83_patch_65,24058,16119,25359,0
train,ROIs1970_112_patch_261,0,20555,44981,0
train,ROIs2017_130_patch_100,6360,40948,12189,6039
train,ROIs2017_115_patch_265,52463,7789,5284,0
train,ROIs2017_69_patch_27,54507,0,11026,3
train,ROIs2017_115_patch_204,28778,34924,1834,0
train,ROIs1970_57_patch_129,60297,434,452,4353
train,ROIs2017_130_patch_262,1668,11385,31531,20952
train,ROIs2017_130_patch_43,16815,22216,13571,12934
train,ROIs1868_127_patch_36,47794,0,17739,3
train,ROIs1868_127_patch_191,43346,5542,15121,1527
train,ROIs2017_69_patch_113,61345,14,4177,0
train,ROIs1868_127_patch_7,55337,255,9944,0
train,ROIs2017_130_patch_133,3894,26649,32027,2966
train,ROIs1970_83_patch_7,26552,175,38809,0
train,ROIs1970_112_patch_55,0,0,65536,0
train,ROIs1970_83_patch_162,42393,6612,16200,331
train,ROIs1868_127_patch_208,53780,4223,7364,169
train,ROIs1868_127_patch_228,58722,198,6616,0
train,ROIs2017_115_patch_121,8102,56685,749,0
train,ROIs1970_83_patch_155,61009,415,4112,0
train,ROIs2017_115_patch_238,42387,22063,1086,0
train,ROIs1868_127_patch_155,56696,18,8790,32
train,ROIs1970_83_patch_153,59783,995,4758,0
train,ROIs1868_127_patch_133,55375,1943,8135,83
train,ROIs1970_83_patch_125,40567,2483,22265,221
train,ROIs1970_112_patch_172,7543,20638,37355,0
train,ROIs1868_127_patch_225,59002,470,6057,7
train,ROIs1970_57_patch_71,62359,8,167,3002
train,ROIs2017_130_patch_268,21606,26257,15109,2564
train,ROIs1970_83_patch_1,42098,61,18829,4548
train,ROIs1970_57_patch_127,63367,22,263,1884
train,ROIs2017_69_patch_17,56296,0,9240,0
train,ROIs2017_115_patch_224,36727,27434,1375,0
train,ROIs2017_130_patch_244,5513,17911,30740,11372
train,ROIs2017_130_patch_246,3023,13525,41281,7707
train,ROIs1970_112_patch_257,0,21327,44209,0
train,ROIs2017_130_patch_62,9888,26312,21663,7673
train,ROIs2017_115_patch_274,39530,23627,2379,0
train,ROIs1970_57_patch_149,61529,179,118,3710
train,ROIs1970_83_patch_135,64777,144,539,76
train,ROIs1970_83_patch_75,55278,34,10224,0
train,ROIs1970_83_patch_130,44574,16011,4951,0
train,ROIs1868_127_patch_56,52129,5,13401,1
train,ROIs2017_130_patch_37,1783,28789,34037,927
train,ROIs1868_127_patch_100,39632,2576,23229,99
train,ROIs1868_127_patch_189,55152,5625,4744,15
train,ROIs1970_83_patch_273,63190,436,1910,0
train,ROIs2017_69_patch_102,47494,0,17637,405
train,ROIs1970_112_patch_52,870,4,64662,0
train,ROIs1970_112_patch_253,0,4831,60532,173
train,ROIs1868_127_patch_247,61388,1538,2609,1
train,ROIs1970_83_patch_176,50340,804,14388,4
train,ROIs2017_130_patch_80,13180,23178,26538,2640
train,ROIs1868_127_patch_55,50133,0,15395,8
train,ROIs1970_57_patch_39,60365,44,320,4807
train,ROIs2017_130_patch_9,14783,14712,12130,23911
train,ROIs2017_130_patch_206,3060,24256,36591,1629
train,ROIs2017_130_patch_156,2034,19333,41891,2278
train,ROIs1970_83_patch_95,64167,0,857,512
train,ROIs1970_57_patch_245,64013,42,28,1453
train,ROIs1868_127_patch_58,56089,28,9419,0
train,ROIs1970_57_patch_131,62711,124,29,2672
train,ROIs2017_130_patch_243,3800,26735,30432,4569
train,ROIs2017_115_patch_88,17325,46719,1492,0
train,ROIs2017_69_patch_107,56881,0,8655,0
train,ROIs1970_83_patch_104,21763,4261,39512,0
train,ROIs1970_112_patch_29,7656,748,57132,0
train,ROIs1970_57_patch_238,60977,5,1,4553
train,ROIs2017_130_patch_177,1751,34399,17938,11448
train,ROIs1970_57_patch_221,64324,9,0,1203
train,ROIs1970_57_patch_26,65380,4,11,141
train,ROIs1868_127_patch_46,19154,39019,7363,0
train,ROIs2017_69_patch_73,56187,0,9349,0
train,ROIs2017_69_patch_84,55719,0,9768,49
train,ROIs1970_112_patch_81,45015,1887,18634,0
train,ROIs2017_130_patch_27,4097,14906,21955,24578
train,ROIs1970_57_patch_111,63193,106,241,1996
train,ROIs2017_69_patch_129,59400,6,6130,0
train,ROIs1970_83_patch_16,43150,81,22208,97
train,ROIs1970_112_patch_179,1584,63952,0,0
train,ROIs1970_83_patch_127,59822,143,5563,8
train,ROIs1868_127_patch_261,52799,3842,4804,4091
train,ROIs1970_83_patch_241,64305,0,1231,0
train,ROIs1970_57_patch_154,58359,25,35,7117
train,ROIs1868_127_patch_127,25669,35447,4420,0
train,ROIs2017_115_patch_34,56142,9038,356,0
train,ROIs1970_57_patch_167,64314,70,73,1079
train,ROIs2017_130_patch_122,2415,38331,17999,6791
train,ROIs2017_69_patch_217,61710,0,3814,12
train,ROIs2017_69_patch_167,52634,3,12895,4
train,ROIs1970_83_patch_78,42885,2705,12973,6973
train,ROIs1868_127_patch_174,56102,734,8525,175
train,ROIs2017_69_patch_230,58866,0,6552,118
train,ROIs2017_69_patch_75,54077,0,11459,0
train,ROIs1970_57_patch_223,62428,118,40,2950
train,ROIs1868_127_patch_164,48888,12025,2581,2042
train,ROIs2017_130_patch_267,17075,17426,30557,478
train,ROIs1970_112_patch_75,0,0,65536,0
train,ROIs1970_112_patch_269,0,64641,895,0
train,ROIs2017_115_patch_61,24417,41107,12,0
train,ROIs1970_83_patch_10,28794,1533,35209,0
train,ROIs1970_83_patch_124,34130,5125,26230,51
train,ROIs1970_83_patch_116,59267,57,4544,1668
train,ROIs1868_127_patch_184,53257,5602,6521,156
train,ROIs1970_57_patch_8,65536,0,0,0
train,ROIs2017_130_patch_57,2128,32261,23556,7591
train,ROIs2017_130_patch_260,10074,31206,21183,3073
train,ROIs2017_115_patch_75,61973,3020,543,0
train,ROIs1970_112_patch_129,22,261,65253,0
train,ROIs2017_69_patch_160,60272,0,5198,66
train,ROIs2017_69_patch_210,63885,0,1644,7
train,ROIs2017_69_patch_254,58408,0,6895,233
train,ROIs2017_130_patch_200,4942,26045,31796,2753
train,ROIs1868_127_patch_45,29338,22836,13362,0
train,ROIs1970_57_patch_63,64268,2,564,702
train,ROIs2017_130_patch_79,6690,16698,40763,1385
train,ROIs2017_130_patch_152,8166,35418,18372,3580
train,ROIs2017_69_patch_188,54462,0,11074,0
train,ROIs2017_115_patch_166,32092,33444,0,0
train,ROIs1970_112_patch_207,34,6318,59184,0
train,ROIs1868_127_patch_64,32487,25904,7145,0
train,ROIs2017_115_patch_84,13327,45839,6370,0
train,ROIs2017_130_patch_46,10174,18184,27792,9386
train,ROIs1970_57_patch_241,58619,64,54,6799
train,ROIs1868_127_patch_8,45443,5761,14332,0
train,ROIs2017_69_patch_0,55194,0,10342,0
train,ROIs2017_130_patch_218,5477,21207,35773,3079
train,ROIs2017_115_patch_120,19613,44208,1715,0
train,ROIs1868_127_patch_241,57213,470,7330,523
train,ROIs1868_127_patch_151,57159,1991,6375,11
train,ROIs1868_127_patch_177,49547,286,15703,0
train,ROIs1970_112_patch_63,15139,8294,42103,0
train,ROIs1970_57_patch_89,60545,38,241,4712
train,ROIs2017_130_patch_88,4752,3907,25924,30953
train,ROIs1970_112_patch_23,9,0,65527,0
train,ROIs2017_69_patch_125,55144,6,10386,0
train,ROIs1970_57_patch_96,64611,13,22,890
train,ROIs2017_115_patch_159,30564,28599,6373,0
train,ROIs2017_115_patch_35,42420,23080,36,0
train,ROIs1970_57_patch_187,59185,18,144,6189
train,ROIs1970_112_patch_3,0,0,65536,0
train,ROIs2017_130_patch_29,11170,12845,30555,10966
train,ROIs2017_115_patch_186,40882,24654,0,0
train,ROIs2017_115_patch_104,4041,61036,459,0
train,ROIs2017_130_patch_254,3925,31960,15843,13808
train,ROIs2017_69_patch_108,60728,2,4806,0
train,ROIs1970_112_patch_43,2810,1806,60920,0
train,ROIs2017_69_patch_269,49314,0,15558,664
train,ROIs1970_83_patch_187,26036,31076,8424,0
train,ROIs2017_130_patch_2,2381,18205,43593,1357
train,ROIs1868_127_patch_153,52550,509,12476,1
train,ROIs1970_57_patch_24,65420,0,10,106
train,ROIs2017_69_patch_171,56373,0,1848,7315
train,ROIs1970_112_patch_61,17585,477,47474,0
train,ROIs2017_69_patch_227,51872,0,13631,33
train,ROIs2017_69_patch_213,62123,0,3412,1
train,ROIs1970_57_patch_66,56100,699,629,8108
train,ROIs2017_115_patch_184,17774,47762,0,0
train,ROIs1868_127_patch_57,60956,8,4572,0
train,ROIs1868_127_patch_97,27924,34371,3241,0
train,ROIs2017_69_patch_139,46501,0,18969,66
train,ROIs2017_69_patch_179,56450,0,9080,6
train,ROIs2017_115_patch_6,22112,43424,0,0
train,ROIs1970_83_patch_234,64396,61,1079,0
train,ROIs1970_112_patch_123,17327,190,48019,0
train,ROIs2017_130_patch_123,5427,33837,19514,6758
train,ROIs1868_127_patch_85,30338,90,35108,0
train,ROIs2017_130_patch_144,1911,54125,9473,27
train,ROIs2017_130_patch_185,6769,39521,18055,1191
train,ROIs1970_57_patch_185,60709,579,240,4008
train,ROIs2017_69_patch_3,46145,0,19391,0
train,ROIs2017_69_patch_211,60227,0,4902,407
train,ROIs2017_115_patch_262,48724,11758,5054,0
train,ROIs2017_69_patch_93,49818,2,15716,0
train,ROIs1970_83_patch_198,1469,63484,583,0
train,ROIs1970_112_patch_151,0,14848,50688,0
train,ROIs2017_69_patch_146,58202,0,7334,0
train,ROIs1970_57_patch_141,58727,74,131,6604
train,ROIs1970_112_patch_203,0,9321,56215,0
train,ROIs2017_130_patch_239,20194,38853,5899,590
train,ROIs1970_112_patch_94,36172,0,29364,0
train,ROIs2017_130_patch_248,9531,36346,19084,575
train,ROIs1970_57_patch_139,59822,46,73,5595
train,ROIs1970_57_patch_240,60134,42,39,5321
train,ROIs2017_69_patch_250,59848,0,2523,3165
train,ROIs1970_57_patch_41,65183,1,16,336
train,ROIs2017_115_patch_50,8829,54058,2649,0
train,ROIs1868_127_patch_116,44774,3344,17343,75
train,ROIs1970_83_patch_28,35625,234,29677,0
train,ROIs1970_112_patch_85,94,1462,63980,0
train,ROIs1970_57_patch_196,65021,39,19,457
train,ROIs1868_127_patch_75,50858,3,13270,1405
train,ROIs1970_112_patch_128,0,0,65536,0
train,ROIs1970_57_patch_17,64772,0,44,720
train,ROIs2017_69_patch_105,53061,1,12467,7
train,ROIs2017_130_patch_150,3936,22456,38591,553
train,ROIs2017_130_patch_231,16800,32045,16027,664
train,ROIs2017_115_patch_170,53686,11846,4,0
train,ROIs1970_57_patch_101,61534,308,299,3395
train,ROIs2017_69_patch_48,61982,0,3554,0
train,ROIs1868_127_patch_198,53701,180,4138,7517
train,ROIs2017_115_patch_283,42380,18583,4573,0
train,ROIs1970_57_patch_49,62458,169,113,2796
train,ROIs2017_115_patch_143,8480,55801,1255,0
train,ROIs2017_115_patch_129,11722,53698,116,0
train,ROIs1970_112_patch_147,88,273,65175,0
train,ROIs1868_127_patch_209,44627,113,19555,1241
train,ROIs2017_69_patch_175,49529,0,15733,274
train,ROIs1868_127_patch_9,49669,5669,10198,0
train,ROIs1970_112_patch_265,0,34660,17776,13100
train,ROIs2017_130_patch_135,5140,23755,34669,1972
train,ROIs2017_69_patch_246,57611,0,7297,628
train,ROIs2017_115_patch_128,6507,58056,973,0
train,ROIs1970_83_patch_114,65043,13,469,11
train,ROIs1868_127_patch_0,56409,153,8973,1
train,ROIs1970_57_patch_162,64859,47,65,565
train,ROIs2017_69_patch_262,52637,0,12855,44
train,ROIs1970_57_patch_58,64758,4,199,575
train,ROIs2017_115_patch_109,3235,61558,743,0
train,ROIs1970_57_patch_208,57106,37,88,8305
train,ROIs1970_57_patch_135,64409,5,31,1091
train,ROIs2017_69_patch_56,60942,0,4594,0
train,ROIs2017_115_patch_72,35211,16626,13699,0
train,ROIs1970_57_patch_215,65248,40,0,248
train,ROIs1868_127_patch_4,51641,0,13895,0
train,ROIs2017_130_patch_51,25409,7197,27893,5037
train,ROIs1970_83_patch_35,32975,11,32548,2
train,ROIs1970_112_patch_169,0,19393,46143,0
train,ROIs2017_115_patch_142,3339,60998,1199,0
train,ROIs2017_115_patch_260,43669,13861,8006,0
train,ROIs1970_57_patch_152,64538,0,3,995
train,ROIs1970_83_patch_208,43008,11335,9574,1619
train,ROIs1868_127_patch_34,21533,22077,21926,0
train,ROIs1970_112_patch_86,9,320,65207,0
train,ROIs1868_127_patch_170,56211,4014,5311,0
train,ROIs2017_69_patch_126,52777,0,12759,0
train,ROIs2017_69_patch_22,45760,0,19761,15
train,ROIs2017_130_patch_213,14714,34936,14095,1791
train,ROIs1970_112_patch_131,81,257,65198,0
train,ROIs1970_83_patch_0,46369,165,14844,4158
train,ROIs2017_130_patch_142,1115,9387,10370,44664
train,ROIs1970_83_patch_202,19784,41976,3776,0
train,ROIs1970_57_patch_104,64007,0,90,1439
train,ROIs2017_115_patch_86,17930,39308,8298,0
train,ROIs1970_112_patch_177,8941,6838,49580,177
train,ROIs1970_112_patch_248,0,63857,697,982
train,ROIs1970_57_patch_23,64525,0,105,906
train,ROIs1970_112_patch_66,14449,5999,45088,0
train,ROIs2017_69_patch_185,51796,0,13739,1
train,ROIs1970_112_patch_73,0,0,65536,0
train,ROIs1970_57_patch_57,62207,28,313,2988
train,ROIs1970_83_patch_49,35788,1833,27915,0
train,ROIs1970_83_patch_263,45104,410,19894,128
train,ROIs1970_112_patch_227,0,65,65471,0
train,ROIs1970_112_patch_41,3463,638,61435,0
train,ROIs2017_130_patch_98,17746,30561,12911,4318
train,ROIs1970_57_patch_214,65328,27,4,177
train,ROIs2017_115_patch_138,4803,60471,262,0
train,ROIs2017_115_patch_111,19153,46173,210,0
train,ROIs2017_115_patch_68,42311,20368,2857,0
train,ROIs2017_130_patch_247,5355,17059,38325,4797
train,ROIs1970_83_patch_227,39571,893,24941,131
train,ROIs2017_115_patch_264,43981,4223,17332,0
train,ROIs2017_69_patch_141,53718,0,11814,4
train,ROIs1970_83_patch_147,37983,7299,20243,11
train,ROIs1970_83_patch_111,18471,26264,20801,0
train,ROIs2017_130_patch_44,11590,27113,16423,10410
train,ROIs2017_115_patch_18,45372,19841,323,0
train,ROIs1868_127_patch_130,24779,31853,8875,29
train,ROIs2017_130_patch_53,5378,3805,42452,13901
train,ROIs2017_69_patch_195,59340,0,6190,6
train,ROIs1868_127_patch_190,52354,4032,8463,687
train,ROIs2017_115_patch_223,36845,23175,5516,0
train,ROIs2017_69_patch_114,62190,0,3336,10
train,ROIs1970_57_patch_67,55510,797,383,8846
train,ROIs1970_83_patch_30,36453,242,28841,0
train,ROIs1868_127_patch_92,54201,0,9825,1510
train,ROIs1970_57_patch_137,63190,7,18,2321
train,ROIs1970_57_patch_88,62937,16,97,2486
train,ROIs1970_112_patch_56,0,0,65536,0
train,ROIs1970_57_patch_175,59573,148,77,5738
train,ROIs1970_83_patch_154,63338,863,1335,0
train,ROIs1868_127_patch_27,39856,6523,19157,0
train,ROIs2017_130_patch_172,1934,19145,39444,5013
train,ROIs1970_83_patch_230,64338,787,411,0
train,ROIs2017_130_patch_74,2774,31880,30275,607
train,ROIs2017_115_patch_197,45035,20244,257,0
train,ROIs1970_112_patch_126,0,0,65536,0
train,ROIs2017_115_patch_190,18401,47135,0,0
validation,ROIs1868_127_patch_53,23684,16788,25064,0
validation,ROIs1970_57_patch_18,65058,14,58,406
validation,ROIs1970_57_patch_44,64967,13,86,470
validation,ROIs1970_57_patch_76,64299,45,147,1045
validation,ROIs1970_57_patch_90,60857,12,57,4610
validation,ROIs2017_130_patch_168,8057,40240,14838,2401
validation,ROIs1970_112_patch_262,0,3343,62165,28
validation,ROIs2017_115_patch_33,20764,44274,498,0
validation,ROIs1970_57_patch_72,55316,30,1190,9000
validation,ROIs2017_115_patch_0,23377,42159,0,0
validation,ROIs1868_127_patch_173,52273,894,11420,949
validation,ROIs2017_115_patch_10,2074,63462,0,0
validation,ROIs1970_83_patch_43,11185,17534,36817,0
validation,ROIs1868_127_patch_17,28804,19051,17681,0
validation,ROIs1970_83_patch_102,26719,3928,34889,0
validation,ROIs2017_115_patch_226,40811,24725,0,0
validation,ROIs2017_115_patch_231,28671,36865,0,0
validation,ROIs2017_115_patch_51,18366,41483,5687,0
validation,ROIs1970_112_patch_118,1612,2,63922,0
validation,ROIs2017_115_patch_38,1760,63776,0,0
validation,ROIs2017_130_patch_163,5918,34134,23958,1526
validation,ROIs2017_130_patch_61,14051,29007,21206,1272
validation,ROIs2017_115_patch_177,23837,40425,1274,0
validation,ROIs2017_130_patch_95,5109,39157,19733,1537
validation,ROIs2017_69_patch_79,50430,0,15065,41
validation,ROIs2017_130_patch_42,11424,25606,18446,10060
validation,ROIs1868_127_patch_144,59933,3767,1534,302
validation,ROIs2017_69_patch_99,59095,0,6441,0
validation,ROIs1868_127_patch_258,61602,828,2571,535
validation,ROIs2017_69_patch_96,43572,0,21964,0
validation,ROIs1970_112_patch_256,0,33475,32061,0
validation,ROIs1970_112_patch_97,26377,464,38695,0
validation,ROIs2017_69_patch_199,59789,0,5717,30
validation,ROIs1868_127_patch_126,38421,24251,2864,0
validation,ROIs2017_115_patch_24,8118,57418,0,0
validation,ROIs1970_57_patch_98,65304,2,8,222
validation,ROIs1970_57_patch_251,59312,95,70,6059
validation,ROIs1868_127_patch_265,60670,352,4514,0
validation,ROIs1868_127_patch_223,52807,3139,9376,214
validation,ROIs1970_112_patch_191,151,6032,59353,0
validation,ROIs2017_130_patch_92,1089,28482,35812,153
validation,ROIs1868_127_patch_139,49519,0,16017,0
validation,ROIs1970_112_patch_186,0,11521,54015,0
validation,ROIs2017_69_patch_270,59404,0,5728,404
validation,ROIs2017_69_patch_28,59351,0,6159,26
validation,ROIs2017_130_patch_47,16453,32558,11456,5069
validation,ROIs2017_130_patch_203,4630,40099,19629,1178
validation,ROIs2017_69_patch_128,54651,14,10871,0
validation,ROIs1970_83_patch_88,38834,8632,18070,0
validation,ROIs2017_69_patch_26,58247,0,7256,33
validation,ROIs2017_69_patch_43,58108,0,7422,6
validation,ROIs1970_112_patch_223,2,6742,58792,0
validation,ROIs2017_130_patch_241,2628,26732,30777,5399
validation,ROIs2017_69_patch_178,53461,0,10272,1803
validation,ROIs1970_57_patch_1,65165,9,46,316
validation,ROIs2017_69_patch_122,51075,0,14455,6
validation,ROIs1970_112_patch_6,55301,157,10078,0
validation,ROIs1970_112_patch_26,31566,661,33309,0
validation,ROIs2017_69_patch_38,54107,0,11428,1
validation,ROIs1868_127_patch_222,62239,21,3002,274
validation,ROIs2017_69_patch_72,58488,3,7045,0
validation,ROIs1868_127_patch_183,60469,2663,1795,609
validation,ROIs1868_127_patch_257,58396,931,911,5298
validation,ROIs1970_57_patch_75,64448,2,109,977
validation,ROIs2017_130_patch_113,2276,48967,12040,2253
validation,ROIs1970_57_patch_202,61305,260,230,3741
validation,ROIs1970_112_patch_106,2142,0,63394,0
validation,ROIs1970_83_patch_15,39702,6,25828,0
validation,ROIs1970_57_patch_121,61873,17,51,3595
validation,ROIs1970_112_patch_95,45416,0,20120,0
validation,ROIs1868_127_patch_156,61385,0,4151,0
validation,ROIs2017_115_patch_218,40812,24724,0,0
validation,ROIs2017_69_patch_66,55413,0,10123,0
validation,ROIs2017_69_patch_18,51646,0,13890,0
validation,ROIs1868_127_patch_202,61077,2,3911,546
validation,ROIs2017_115_patch_254,38615,24686,2235,0
validation,ROIs2017_115_patch_117,143,65345,48,0
validation,ROIs2017_130_patch_117,18587,28102,14691,4156
validation,ROIs1868_127_patch_106,26493,0,38810,233
validation,ROIs1970_112_patch_53,0,6,65530,0
validation,ROIs2017_130_patch_83,4285,49030,7715,4506
validation,ROIs2017_130_patch_193,3076,35701,26184,575
validation,ROIs2017_115_patch_99,1810,63722,4,0
validation,ROIs2017_69_patch_219,62405,0,3039,92
validation,ROIs1970_83_patch_107,43906,368,21258,4
validation,ROIs1970_83_patch_254,63055,1376,1105,0
validation,ROIs1970_112_patch_27,16577,37,48922,0
validation,ROIs1868_127_patch_216,28703,151,4023,32659
validation,ROIs2017_115_patch_188,48750,16786,0,0
validation,ROIs1970_112_patch_7,47748,240,17548,0
validation,ROIs2017_115_patch_256,40440,23416,1680,0
validation,ROIs2017_130_patch_28,21420,7908,14532,21676
validation,ROIs1868_127_patch_65,39817,10696,15023,0
validation,ROIs2017_130_patch_91,3399,39004,22934,199
validation,ROIs1970_83_patch_257,64647,2,887,0
validation,ROIs1868_127_patch_5,49321,0,16215,0
validation,ROIs2017_69_patch_100,54673,0,10841,22
validation,ROIs2017_130_patch_130,2827,24625,36772,1312
validation,ROIs2017_115_patch_95,14620,50916,0,0
validation,ROIs1970_83_patch_193,53738,10208,1590,0
validation,ROIs1868_127_patch_117,43253,8344,13939,0
validation,ROIs1970_57_patch_181,64179,85,22,1250
validation,ROIs2017_69_patch_153,53562,0,4738,7236
validation,ROIs1970_112_patch_45,2170,2766,60600,0
validation,ROIs2017_69_patch_184,54475,0,11060,1
validation,ROIs2017_115_patch_225,39330,26036,170,0
validation,ROIs2017_69_patch_159,51914,0,13619,3
validation,ROIs1970_112_patch_250,19,42107,23204,206
validation,ROIs1970_57_patch_3,65071,0,9,456
validation,ROIs2017_115_patch_134,6228,59236,72,0
validation,ROIs1970_83_patch_122,46333,1171,17991,41
validation,ROIs1970_57_patch_191,59531,61,214,5730
validation,ROIs2017_115_patch_11,3617,61919,0,0
validation,ROIs2017_115_patch_67,20367,44544,625,0
validation,ROIs1970_83_patch_275,63659,4,1873,0
validation,ROIs1868_127_patch_68,19400,311,45816,9
validation,ROIs1970_83_patch_97,60230,287,5019,0
validation,ROIs2017_130_patch_121,5129,48397,11421,589
validation,ROIs1970_112_patch_194,22219,1147,42170,0
validation,ROIs1970_57_patch_243,51049,355,288,13844
validation,ROIs1868_127_patch_115,51245,6949,7339,3
validation,ROIs2017_69_patch_248,57648,0,7324,564
validation,ROIs2017_130_patch_7,9998,15024,21331,19183
validation,ROIs1970_57_patch_212,64646,32,52,806
validation,ROIs1970_112_patch_113,2225,464,62847,0
validation,ROIs2017_115_patch_42,20179,45246,111,0
validation,ROIs1970_57_patch_42,65480,0,1,55
validation,ROIs1970_83_patch_244,53502,858,11003,173
validation,ROIs2017_115_patch_133,3013,62523,0,0
validation,ROIs1970_57_patch_34,65300,0,7,229
validation,ROIs2017_130_patch_229,22787,13460,28336,953
validation,ROIs2017_69_patch_235,56417,0,8874,245
validation,ROIs2017_115_patch_31,2196,63321,19,0
validation,ROIs2017_69_patch_157,52031,0,13456,49
validation,ROIs1970_57_patch_166,61785,130,208,3413
validation,ROIs2017_69_patch_39,45623,0,19878,35
validation,ROIs1868_127_patch_233,59443,48,6045,0
validation,ROIs2017_130_patch_242,3012,32211,27411,2902
validation,ROIs1970_57_patch_151,63022,223,65,2226
validation,ROIs2017_130_patch_52,27931,5004,26875,5726
validation,ROIs1970_83_patch_276,55215,89,10232,0
validation,ROIs1970_57_patch_171,55212,23,148,10153
validation,ROIs2017_130_patch_173,3706,33134,27539,1157
validation,ROIs1868_127_patch_252,60088,19,5396,33
validation,ROIs1970_57_patch_201,62705,43,55,2733
validation,ROIs2017_130_patch_31,4655,15698,42270,2913
validation,ROIs2017_115_patch_131,9823,55431,282,0
validation,ROIs2017_130_patch_64,8851,17128,30109,9448
validation,ROIs2017_69_patch_271,63884,0,1492,160
validation,ROIs1970_112_patch_243,0,13231,52305,0
validation,ROIs1970_83_patch_4,34883,104,30549,0
validation,ROIs2017_130_patch_19,2619,20238,41181,1498
validation,ROIs2017_115_patch_58,18726,46810,0,0
validation,ROIs2017_69_patch_53,51684,8,13844,0
validation,ROIs2017_69_patch_46,54084,0,11412,40
validation,ROIs1970_83_patch_250,64505,9,1022,0
validation,ROIs1970_83_patch_166,25778,6236,33522,0
validation,ROIs1970_57_patch_203,63430,15,341,1750
validation,ROIs2017_69_patch_189,48570,0,16966,0
validation,ROIs1970_57_patch_79,64007,202,369,958
validation,ROIs1970_57_patch_226,47925,32,9,17570
validation,ROIs2017_69_patch_92,53865,0,11671,0
validation,ROIs1868_127_patch_147,25518,31915,4723,3380
validation,ROIs1970_83_patch_32,41031,0,24505,0
validation,ROIs2017_115_patch_37,46529,15789,3218,0
validation,ROIs2017_130_patch_182,2717,28572,33378,869
validation,ROIs2017_69_patch_257,56453,0,8266,817
validation,ROIs1868_127_patch_39,54923,17,10596,0
validation,ROIs1868_127_patch_82,43460,4989,17084,3
validation,ROIs2017_130_patch_181,6611,33547,22880,2498
validation,ROIs1970_83_patch_168,25831,26191,13514,0
validation,ROIs1868_127_patch_178,50265,51,15220,0
validation,ROIs1970_57_patch_118,60794,93,281,4368
validation,ROIs2017_130_patch_227,1514,18886,40803,4333
validation,ROIs1970_112_patch_155,9626,2183,53727,0
validation,ROIs1970_112_patch_214,5737,59603,196,0
validation,ROIs1970_112_patch_145,0,0,65536,0
validation,ROIs2017_115_patch_124,628,64898,10,0
validation,ROIs2017_115_patch_251,39760,25776,0,0
validation,ROIs2017_115_patch_127,1871,63630,35,0
validation,ROIs1970_57_patch_21,62265,21,483,2767
validation,ROIs1970_83_patch_117,55706,460,8747,623
validation,ROIs1970_112_patch_181,0,0,65536,0
validation,ROIs2017_130_patch_183,3850,34984,26459,243
validation,ROIs2017_130_patch_129,7541,38596,17345,2054
validation,ROIs2017_115_patch_130,8868,56596,72,0
validation,ROIs2017_69_patch_41,44130,0,21388,18
validation,ROIs1970_57_patch_145,65336,2,0,198
validation,ROIs2017_115_patch_211,30338,35198,0,0
validation,ROIs1970_57_patch_253,60171,460,105,4800
validation,ROIs1970_57_patch_92,61442,10,30,4054
validation,ROIs1970_83_patch_223,40511,19908,5039,78
test,ROIs1970_83_patch_259,58994,23,6519,0
test,ROIs1868_127_patch_207,57314,798,7414,10
test,ROIs2017_69_patch_80,56969,0,8490,77
test,ROIs2017_115_patch_153,14601,50815,120,0
test,ROIs1970_112_patch_244,0,132,65403,1
test,ROIs1868_127_patch_238,46956,0,844,17736
test,ROIs2017_130_patch_12,5594,11862,47487,593
test,ROIs2017_69_patch_42,50900,0,14636,0
test,ROIs1970_83_patch_83,17735,20941,26860,0
test,ROIs2017_130_patch_259,3921,32220,20758,8637
test,ROIs2017_115_patch_65,23847,41022,667,0
test,ROIs1970_83_patch_214,64543,332,661,0
test,ROIs1970_112_patch_199,9,587,64940,0
test,ROIs1970_83_patch_167,44124,5539,15663,210
test,ROIs2017_115_patch_114,699,64837,0,0
test,ROIs1868_127_patch_93,34113,102,22217,9104
test,ROIs2017_130_patch_191,2708,13196,45738,3894
test,ROIs2017_69_patch_216,57336,0,8144,56
test,ROIs2017_130_patch_204,5639,24642,32107,3148
test,ROIs2017_115_patch_9,9088,56448,0,0
test,ROIs1970_57_patch_205,64622,13,7,894
test,ROIs1970_112_patch_153,23130,1339,41067,0
test,ROIs1868_127_patch_23,54709,86,10741,0
test,ROIs1970_83_patch_26,28139,4581,32816,0
test,ROIs1868_127_patch_29,37932,12543,15061,0
test,ROIs2017_130_patch_36,2471,25963,37082,20
test,ROIs1970_57_patch_249,61345,299,189,3703
test,ROIs2017_69_patch_156,52677,0,12850,9
test,ROIs1970_57_patch_248,64042,346,22,1126
test,ROIs1970_83_patch_284,46396,7287,11853,0
test,ROIs2017_115_patch_267,42231,23305,0,0
test,ROIs1970_112_patch_233,5602,1351,58583,0
test,ROIs2017_115_patch_119,13913,50860,763,0
test,ROIs1970_57_patch_213,65182,32,0,322
test,ROIs1970_83_patch_53,42219,36,23281,0
test,ROIs2017_115_patch_214,50979,14518,39,0
test,ROIs1970_83_patch_6,36724,871,27941,0
test,ROIs1970_57_patch_142,59653,158,79,5646
test,ROIs1970_83_patch_160,36124,5042,21694,2676
test,ROIs1868_127_patch_112,41384,8425,12485,3242
test,ROIs2017_115_patch_108,8449,56012,1075,0
test,ROIs1970_112_patch_132,0,27,65509,0
test,ROIs2017_69_patch_243,57267,0,8163,106
test,ROIs2017_69_patch_182,53642,0,11884,10
test,ROIs2017_115_patch_208,46729,18807,0,0
test,ROIs2017_69_patch_186,57193,0,8325,18
test,ROIs2017_115_patch_165,15015,50438,83,0
test,ROIs2017_115_patch_222,28424,27701,9411,0
test,ROIs1970_83_patch_212,58207,5999,1330,0
test,ROIs2017_69_patch_70,62048,15,3473,0
test,ROIs1970_112_patch_1,0,0,65536,0
test,ROIs1970_112_patch_240,0,12435,53101,0
test,ROIs2017_130_patch_145,5360,36006,24019,151
test,ROIs1970_112_patch_57,0,0,65536,0
test,ROIs2017_115_patch_47,1457,64076,3,0
test,ROIs1970_112_patch_216,0,412,65124,0
test,ROIs2017_130_patch_190,1433,19905,42316,1882
test,ROIs1970_83_patch_209,39970,23880,1686,0
test,ROIs2017_130_patch_224,3969,18277,41576,1714
test,ROIs2017_130_patch_146,1458,41276,22488,314
test,ROIs2017_69_patch_65,57782,0,7743,11
test,ROIs2017_130_patch_8,9011,17238,18173,21114
test,ROIs2017_69_patch_33,56373,2,9161,0
test,ROIs1970_112_patch_71,238,2281,62962,55
test,ROIs2017_130_patch_124,6319,13011,29420,16786
test,ROIs2017_69_patch_155,52747,0,12290,499
test,ROIs2017_130_patch_127,5651,44183,15593,109
test,ROIs1970_112_patch_51,280,23,65233,0
test,ROIs1970_57_patch_119,62011,5,217,3303
test,ROIs1970_57_patch_38,58408,24,509,6595
test,ROIs1970_112_patch_33,1455,9,64072,0
test,ROIs1868_127_patch_118,41633,2227,21523,153
test,ROIs1970_83_patch_165,18718,31844,14973,1
test,ROIs1970_112_patch_183,3,244,65289,0
test,ROIs1868_127_patch_160,43100,17,22419,0
test,ROIs1970_57_patch_143,61797,115,245,3379
test,ROIs2017_69_patch_197,56437,0,8951,148
test,ROIs1970_112_patch_164,224,803,64509,0
test,ROIs1970_57_patch_161,63205,5,2,2324
test,ROIs1970_83_patch_133,64510,58,942,26
test,ROIs1970_112_patch_210,3,553,64980,0
test,ROIs2017_130_patch_81,9299,41405,10035,4797
test,ROIs2017_130_patch_187,5472,32538,24115,3411
test,ROIs1970_57_patch_164,59277,235,645,5379
test,ROIs1868_127_patch_94,34431,6,16480,14619
test,ROIs2017_115_patch_237,52028,13368,140,0
test,ROIs2017_130_patch_45,10568,21967,12692,20309
test,ROIs1970_112_patch_124,6348,14700,43216,1272
test,ROIs1868_127_patch_186,48007,10120,7045,364
test,ROIs1970_57_patch_231,62801,253,142,2340
test,ROIs1970_83_patch_64,14347,25701,25488,0
test,ROIs2017_130_patch_30,3380,23304,35934,2918
test,ROIs2017_69_patch_11,53120,0,12404,12
test,ROIs2017_130_patch_205,4141,37400,23951,44
test,ROIs2017_115_patch_273,37241,21511,6784,0
test,ROIs1970_57_patch_174,62579,56,27,2874
test,ROIs2017_115_patch_217,51536,14000,0,0
test,ROIs1970_112_patch_90,0,0,65536,0
test,ROIs2017_115_patch_73,36644,24825,4067,0
test,ROIs2017_115_patch_105,3573,61766,197,0
test,ROIs2017_69_patch_131,57568,0,7968,0
test,ROIs2017_130_patch_106,9019,9621,37800,9096
test,ROIs1970_83_patch_218,45462,18221,1853,0
test,ROIs2017_115_patch_276,49409,10503,5624,0
test,ROIs2017_130_patch_72,6417,31210,26672,1237
test,ROIs1868_127_patch_78,50884,1942,12710,0
test,ROIs1868_127_patch_63,32837,17776,14923,0
test,ROIs2017_130_patch_253,11619,25437,21614,6866
test,ROIs1970_112_patch_267,0,61903,11,3622
test,ROIs1970_112_patch_212,3611,18258,43550,117
test,ROIs1868_127_patch_3,56552,0,8984,0
test,ROIs1970_112_patch_180,0,0,65536,0
test,ROIs2017_115_patch_259,41974,11673,11889,0
test,ROIs1970_112_patch_220,0,5261,60275,0
test,ROIs1970_83_patch_62,11299,21706,32531,0
test,ROIs1868_127_patch_251,56008,1871,7657,0
test,ROIs1970_83_patch_103,24261,7280,33961,34
test,ROIs1970_83_patch_121,43403,1819,20314,0
test,ROIs1970_57_patch_6,60169,15,309,5043
test,ROIs2017_69_patch_174,49976,0,15367,193
test,ROIs2017_69_patch_54,58299,0,7237,0
test,ROIs1970_83_patch_283,39947,7103,18215,271
test,ROIs1970_83_patch_274,61502,64,3970,0
test,ROIs1868_127_patch_1,58035,0,7501,0
test,ROIs1970_83_patch_240,60767,2,4767,0
test,ROIs2017_130_patch_169,4614,29186,30629,1107
test,ROIs2017_115_patch_78,17217,48240,79,0
test,ROIs1868_127_patch_203,62423,474,2519,120
test,ROIs2017_69_patch_202,56338,0,9070,128
test,ROIs2017_115_patch_15,40373,24952,211,0
test,ROIs2017_115_patch_155,16109,49419,8,0
test,ROIs1970_112_patch_25,25341,4117,36078,0
test,ROIs1970_83_patch_138,54981,8,10547,0
test,ROIs2017_130_patch_109,5075,36813,23612,36
test,ROIs2017_130_patch_194,2820,43845,15110,3761
test,ROIs1868_127_patch_240,62851,453,1083,1149
test,ROIs1868_127_patch_105,39093,308,26132,3
test,ROIs1970_112_patch_149,25,179,65332,0
test,ROIs2017_69_patch_116,51185,0,14330,21
test,ROIs1970_83_patch_266,65384,0,152,0
test,ROIs2017_69_patch_261,53747,0,11527,262
test,ROIs2017_115_patch_82,15292,50166,78,0
test,ROIs2017_130_patch_143,415,9107,16912,39102
test,ROIs2017_115_patch_115,11589,53947,0,0
test,ROIs1868_127_patch_237,62208,0,243,3085
test,ROIs1970_112_patch_239,0,1891,63645,0
test,ROIs2017_69_patch_240,48155,0,16547,834
test,ROIs1868_127_patch_6,52307,0,13229,0
test,ROIs2017_130_patch_199,3585,24950,32891,4110
test,ROIs2017_69_patch_63,59721,0,5797,18
test,ROIs2017_69_patch_272,60795,0,4126,615
test,ROIs1868_127_patch_20,56326,0,9210,0
test,ROIs1970_83_patch_228,64670,161,705,0
test,ROIs2017_115_patch_77,15276,50241,19,0
test,ROIs2017_69_patch_89,62916,0,2620,0
test,ROIs1868_127_patch_132,39014,19402,7120,0
test,ROIs2017_69_patch_277,44406,0,21054,76
test,ROIs1868_127_patch_108,45388,18355,1779,14
test,ROIs2017_69_patch_204,53824,0,11707,5
test,ROIs1970_57_patch_194,65168,6,47,315
test,ROIs1970_112_patch_143,68,47607,17766,95
test,ROIs1970_112_patch_46,12105,583,52848,0
test,ROIs2017_115_patch_169,51409,14023,104,0
test,ROIs2017_69_patch_245,57236,0,7947,353
test,ROIs1970_112_patch_160,2405,19780,43351,0
test,ROIs1970_83_patch_120,55935,1115,8486,0
test,ROIs1970_83_patch_157,57367,1144,7025,0
test,ROIs1970_83_patch_18,38958,889,25127,562
test,ROIs2017_130_patch_167,6115,36762,19879,2780
test,ROIs2017_115_patch_36,38579,25597,1360,0
test,ROIs2017_69_patch_224,55932,0,9502,102
test,ROIs1868_127_patch_137,54938,3534,7064,0
test,ROIs2017_69_patch_68,61024,0,4512,0
test,ROIs1868_127_patch_141,40195,0,25341,0
test,ROIs2017_69_patch_150,52917,0,12619,0
test,ROIs2017_130_patch_217,4338,31780,27305,2113
test,ROIs1970_57_patch_103,61589,15,55,3877
test,ROIs1868_127_patch_119,53405,266,11864,1
test,ROIs1868_127_patch_12,32535,28080,4921,0
test,ROIs1970_83_patch_173,59581,2846,3107,2
test,ROIs2017_115_patch_113,37599,27601,336,0
test,ROIs1970_112_patch_138,9518,2,56016,0
test,ROIs1868_127_patch_214,59697,19,5820,0
test,ROIs1970_57_patch_61,64758,6,396,376
test,ROIs1970_83_patch_172,44292,14049,7156,39
test,ROIs1970_83_patch_8,27201,152,38183,0
test,ROIs2017_130_patch_186,10448,27853,26163,1072
test,ROIs1970_112_patch_93,5404,0,60132,0
test,ROIs1970_112_patch_154,33042,3339,29155,0
test,ROIs1970_83_patch_163,33008,23033,9256,239
test,ROIs2017_69_patch_191,62545,0,2941,50
test,ROIs1868_127_patch_196,53141,6921,5474,0
