model_key,model_label,output_kind,metric,mean,median,std,q1,q3,n_total_samples,n_mask_valid_samples
baseline,ResUNet,blended,band13_global_mae,0.00891212834439,0.00801665519557,0.00419639968868,0.00612388193939,0.0106715381125,192,141
baseline,ResUNet,raw,band13_global_mae,0.0224370339983,0.0201522721091,0.0119127592657,0.0131970842265,0.0296417910596,192,141
gan_resnet,GAN ResNet-like,blended,band13_global_mae,0.00969198433274,0.00833127203213,0.00563208425716,0.00613787463511,0.0115217184513,192,141
gan_resnet,GAN ResNet-like,raw,band13_global_mae,0.0559504304897,0.0473862208148,0.0330059973593,0.0337480495642,0.0724368539373,192,141
conditional,Conditional Patch GAN,blended,band13_global_mae,0.00872130995505,0.00781588822498,0.00410801095573,0.00608060363156,0.0102206534149,192,141
conditional,Conditional Patch GAN,raw,band13_global_mae,0.0209475084895,0.0199489194378,0.00918217269898,0.0139050620819,0.0278826799187,192,141
baseline,ResUNet,blended,band13_global_pearson,0.985052229699,0.990615715979,0.0178861932243,0.981384238696,0.996094470681,192,141
baseline,ResUNet,raw,band13_global_pearson,0.909481797172,0.956920197167,0.0893495582433,0.850088984615,0.975456901378,192,141
gan_resnet,GAN ResNet-like,blended,band13_global_pearson,0.981058396929,0.988344826995,0.0261359965902,0.977940858178,0.995713288152,192,141
gan_resnet,GAN ResNet-like,raw,band13_global_pearson,0.688701304721,0.733522904819,0.224864519842,0.587170123058,0.860226378893,192,141
conditional,Conditional Patch GAN,blended,band13_global_pearson,0.985490897541,0.991207095575,0.0176044649396,0.982024222244,0.996243722224,192,141
conditional,Conditional Patch GAN,raw,band13_global_pearson,0.916726158079,0.958912092134,0.0796903386053,0.853166373973,0.975225800295,192,141
baseline,ResUNet,blended,band13_global_psnr,38.8757539882,38.8440918771,4.03927392487,36.098937675,41.7526024291,192,141
baseline,ResUNet,raw,band13_global_psnr,31.6878477896,31.2345196924,4.43011847559,28.2980360141,35.0105639666,192,141
gan_resnet,GAN ResNet-like,blended,band13_global_psnr,38.3264222393,38.163338889,4.45472092883,35.3277453072,41.6543442046,192,141
gan_resnet,GAN ResNet-like,raw,band13_global_psnr,23.357781798,22.5843400398,4.96787856231,19.8539040736,26.0924156153,192,141
conditional,Conditional Patch GAN,blended,band13_global_psnr,39.0659963518,39.1997951817,3.99563151296,36.3085045467,41.9547440359,192,141
conditional,Conditional Patch GAN,raw,band13_global_psnr,32.0417559388,31.3696815856,4.21529431947,28.8361468812,34.7430743987,192,141
baseline,ResUNet,blended,band13_global_rmse,0.012667290161,0.0114234035182,0.00608973860956,0.00817293179954,0.0156710973423,192,141
baseline,ResUNet,raw,band13_global_rmse,0.0294152288507,0.0274330485853,0.0142153785919,0.0177611822337,0.0384683263718,192,141
gan_resnet,GAN ResNet-like,blended,band13_global_rmse,0.0138677134644,0.0123554246646,0.00783370035394,0.00826578255293,0.0171259051014,192,141
gan_resnet,GAN ResNet-like,raw,band13_global_rmse,0.0780956137131,0.0742663890639,0.0377881551067,0.0495902149595,0.101696538153,192,141
conditional,Conditional Patch GAN,blended,band13_global_rmse,0.0123721960451,0.0109650419343,0.00594247608414,0.00798478139102,0.0152959826991,192,141
conditional,Conditional Patch GAN,raw,band13_global_rmse,0.0277432293753,0.0270094612472,0.0116804264575,0.0183166655642,0.0361570227071,192,141
baseline,ResUNet,blended,band13_mask_mae,0.0185506402758,0.0157127861956,0.0114929630463,0.0113941341452,0.0214925631889,192,141
baseline,ResUNet,raw,band13_mask_mae,0.0201628078403,0.0148127430157,0.0154490326301,0.0108490039803,0.0243437567517,192,141
gan_resnet,GAN ResNet-like,blended,band13_mask_mae,0.0212572975114,0.0188580475425,0.0104500199447,0.0144622236027,0.0251728410906,192,141
gan_resnet,GAN ResNet-like,raw,band13_mask_mae,0.0267958721607,0.024154084547,0.0127882206937,0.0180013824601,0.0330594661409,192,141
conditional,Conditional Patch GAN,blended,band13_mask_mae,0.0171125538837,0.0147744355004,0.0109309070784,0.0103741244277,0.0203854502862,192,141
conditional,Conditional Patch GAN,raw,band13_mask_mae,0.0207141868719,0.0163327135857,0.0148516822185,0.0118671445204,0.0261729471087,192,141
baseline,ResUNet,blended,band13_mask_psnr,33.5513267272,34.009394784,4.04775013959,31.1568653204,36.3797273766,192,141
baseline,ResUNet,raw,band13_mask_psnr,33.4331666051,33.993849177,5.34420602621,29.7114020845,36.8549600395,192,141
gan_resnet,GAN ResNet-like,blended,band13_mask_psnr,31.8203566562,32.1989482503,3.49018304814,29.6882221136,34.232607396,192,141
gan_resnet,GAN ResNet-like,raw,band13_mask_psnr,29.9066940226,30.0660461751,3.70916304114,27.5303101202,32.5053688078,192,141
conditional,Conditional Patch GAN,blended,band13_mask_psnr,34.2169936003,34.8211196073,4.25465570078,31.567651758,36.9435983217,192,141
conditional,Conditional Patch GAN,raw,band13_mask_psnr,33.1366559038,33.2667512307,5.41836446717,29.8566277855,36.3767967042,192,141
baseline,ResUNet,blended,mask_pixel_count,8401.4375,151,19745.1766471,0,3084.25,192,141
baseline,ResUNet,raw,mask_pixel_count,8401.4375,151,19745.1766471,0,3084.25,192,141
gan_resnet,GAN ResNet-like,blended,mask_pixel_count,8401.4375,151,19745.1766471,0,3084.25,192,141
gan_resnet,GAN ResNet-like,raw,mask_pixel_count,8401.4375,151,19745.1766471,0,3084.25,192,141
conditional,Conditional Patch GAN,blended,mask_pixel_count,8401.4375,151,19745.1766471,0,3084.25,192,141
conditional,Conditional Patch GAN,raw,mask_pixel_count,8401.4375,151,19745.1766471,0,3084.25,192,141
baseline,ResUNet,blended,rgb_global_mae,0.00701947341625,0.00614939293512,0.00418654334533,0.00463153482631,0.00820162369555,192,141
baseline,ResUNet,raw,rgb_global_mae,0.0231301316764,0.0180932146011,0.0163979206914,0.0125473577836,0.0250740326119,192,141
gan_resnet,GAN ResNet-like,blended,rgb_global_mae,0.00766016064759,0.00609329807333,0.00566322123007,0.00472700843314,0.00827864870555,192,141
gan_resnet,GAN ResNet-like,raw,rgb_global_mae,0.0525493446138,0.034429788044,0.0434784867039,0.0213836850955,0.0644834733831,192,141
conditional,Conditional Patch GAN,blended,rgb_global_mae,0.00683465933921,0.00605297158911,0.00411868236321,0.00460985345889,0.00745779875929,192,141
conditional,Conditional Patch GAN,raw,rgb_global_mae,0.0188435227864,0.0164760976636,0.009334443756,0.0133030093818,0.0232348508409,192,141
baseline,ResUNet,blended,rgb_global_pearson,0.974826262111,0.988625358618,0.0376878378355,0.974674689886,0.995096675639,192,141
baseline,ResUNet,raw,rgb_global_pearson,0.746665041327,0.829218013293,0.209118940029,0.620235854896,0.903607136822,192,141
gan_resnet,GAN ResNet-like,blended,rgb_global_pearson,0.962482910254,0.985104130611,0.0633678211891,0.964887529904,0.993160011558,192,141
gan_resnet,GAN ResNet-like,raw,rgb_global_pearson,0.421691801568,0.394621245382,0.351034520693,0.197272470553,0.728720856992,192,141
conditional,Conditional Patch GAN,blended,rgb_global_pearson,0.975986644613,0.989169638046,0.037464899758,0.975721461411,0.9953333615,192,141
conditional,Conditional Patch GAN,raw,rgb_global_pearson,0.823028778037,0.86635094472,0.131947664472,0.753939911974,0.91413767838,192,141
baseline,ResUNet,blended,rgb_global_psnr,42.4440652892,42.6009180161,4.46644667227,39.8921347679,45.0431728889,192,141
baseline,ResUNet,raw,rgb_global_psnr,32.1703970226,32.4592224684,4.87608329341,29.4982897578,35.4385399644,192,141
gan_resnet,GAN ResNet-like,blended,rgb_global_psnr,41.8298447746,42.4836401036,5.00468944654,39.6822304034,44.5122727905,192,141
gan_resnet,GAN ResNet-like,raw,rgb_global_psnr,25.9237031641,26.6875205296,6.15490597836,21.1941638636,31.0865690032,192,141
conditional,Conditional Patch GAN,blended,rgb_global_psnr,42.6618120603,42.7146781286,4.38829859457,40.5069822122,45.0245826438,192,141
conditional,Conditional Patch GAN,raw,rgb_global_psnr,33.3189623675,33.2907426274,3.73802273405,30.9629640273,35.3619776558,192,141
baseline,ResUNet,blended,rgb_global_rmse,0.00870709084043,0.00741231930939,0.00560127179657,0.00559559584622,0.0101251142399,192,141
baseline,ResUNet,raw,rgb_global_rmse,0.0289111589406,0.023825344338,0.0174868812893,0.0169072512406,0.0335032932692,192,141
gan_resnet,GAN ResNet-like,blended,rgb_global_rmse,0.00980049883679,0.00751308019829,0.00770111696416,0.0059482125322,0.0103731977209,192,141
gan_resnet,GAN ResNet-like,raw,rgb_global_rmse,0.0646279385592,0.0463048608486,0.0461693534553,0.0279043349827,0.0872345937728,192,141
conditional,Conditional Patch GAN,blended,rgb_global_rmse,0.008475012403,0.00731588007533,0.00553964758243,0.00560752346096,0.00943302322913,192,141
conditional,Conditional Patch GAN,raw,rgb_global_rmse,0.023606549756,0.0216502479281,0.0103511106231,0.0170569471562,0.0283052711463,192,141
baseline,ResUNet,blended,rgb_global_ssim_legacy_global_statistics,0.979724237128,0.990453905141,0.0267187907559,0.975418496705,0.995223202373,192,141
baseline,ResUNet,raw,rgb_global_ssim_legacy_global_statistics,0.808481630443,0.868920611884,0.150740047491,0.690498858768,0.921276570495,192,141
gan_resnet,GAN ResNet-like,blended,rgb_global_ssim_legacy_global_statistics,0.970958205283,0.988703186823,0.0468580020212,0.969758455216,0.994317689069,192,141
gan_resnet,GAN ResNet-like,raw,rgb_global_ssim_legacy_global_statistics,0.530989470759,0.545565584135,0.283513688228,0.286040354122,0.806790323044,192,141
conditional,Conditional Patch GAN,blended,rgb_global_ssim_legacy_global_statistics,0.980971936804,0.990705656947,0.0262828756022,0.977263151052,0.995309662455,192,141
conditional,Conditional Patch GAN,raw,rgb_global_ssim_legacy_global_statistics,0.866868827098,0.896272573727,0.0927800527421,0.818365089149,0.930800099988,192,141
baseline,ResUNet,blended,rgb_global_ssim_standard,0.983602170247,0.991173718284,0.0222690233403,0.982901626737,0.995752078246,192,141
baseline,ResUNet,raw,rgb_global_ssim_standard,0.895472916607,0.90700489811,0.058051387661,0.852820401936,0.944169601434,192,141
gan_resnet,GAN ResNet-like,blended,rgb_global_ssim_standard,0.977438261299,0.990136339021,0.0350605144276,0.980898386179,0.995336146624,192,141
gan_resnet,GAN ResNet-like,raw,rgb_global_ssim_standard,0.723935079523,0.746339152571,0.159314998619,0.590584109207,0.858084124042,192,141
conditional,Conditional Patch GAN,blended,rgb_global_ssim_standard,0.984539572551,0.991286327278,0.0214329289686,0.984402508199,0.995748132401,192,141
conditional,Conditional Patch GAN,raw,rgb_global_ssim_standard,0.910462013267,0.922913667766,0.0485229148099,0.885542307493,0.948034281986,192,141
baseline,ResUNet,blended,rgb_mask_mae,0.0150885239872,0.0111992886113,0.0134532099774,0.00881221934286,0.0153757929336,192,141
baseline,ResUNet,raw,rgb_mask_mae,0.0175040489517,0.0130809082714,0.0148748462235,0.00862398451161,0.0210931588496,192,141
gan_resnet,GAN ResNet-like,blended,rgb_mask_mae,0.0174445584748,0.0144712810538,0.0115171135244,0.0109328785057,0.0181268196399,192,141
gan_resnet,GAN ResNet-like,raw,rgb_mask_mae,0.0248798868253,0.0210485156803,0.014563651457,0.015261585648,0.029440289078,192,141
conditional,Conditional Patch GAN,blended,rgb_mask_mae,0.0139589377288,0.0103016149703,0.0127127500414,0.00798694612309,0.0141865647501,192,141
conditional,Conditional Patch GAN,raw,rgb_mask_mae,0.0177880427967,0.0132026568767,0.0136276645578,0.00950658343958,0.0217762756091,192,141
baseline,ResUNet,blended,rgb_mask_psnr,36.2968485053,37.2698541127,4.49656000186,34.0367016003,38.8504329703,192,141
baseline,ResUNet,raw,rgb_mask_psnr,35.0414843043,35.4037880456,5.44375221931,31.323934961,38.6565355041,192,141
gan_resnet,GAN ResNet-like,blended,rgb_mask_psnr,34.2093315137,34.6021732751,3.90538543833,32.56778285,36.7819928137,192,141
gan_resnet,GAN ResNet-like,raw,rgb_mask_psnr,31.3154892852,31.4032149963,4.20160763173,28.8318979828,34.444895881,192,141
conditional,Conditional Patch GAN,blended,rgb_mask_psnr,36.9843118954,38.0456911741,4.59900627109,34.907352018,39.9774449761,192,141
conditional,Conditional Patch GAN,raw,rgb_mask_psnr,34.8164884276,35.310292758,5.26867142348,31.6242067757,38.2460079042,192,141
