split,local_index,base_index,sample_id
train,0,102,ROIs1868_127_patch_102
train,1,33,ROIs1868_127_patch_33
train,2,1056,ROIs1970_83_patch_261
train,3,1591,ROIs2017_130_patch_226
train,4,354,ROIs1970_112_patch_84
train,5,245,ROIs1868_127_patch_245
train,6,790,ROIs1970_57_patch_250
train,7,1323,ROIs2017_115_patch_243
train,8,142,ROIs1868_127_patch_142
train,9,1745,ROIs2017_69_patch_110
train,10,1588,ROIs2017_130_patch_223
train,11,1473,ROIs2017_130_patch_108
train,12,38,ROIs1868_127_patch_38
train,13,1192,ROIs2017_115_patch_112
train,14,735,ROIs1970_57_patch_195
train,15,832,ROIs1970_83_patch_37
train,16,547,ROIs1970_57_patch_7
train,17,1186,ROIs2017_115_patch_106
train,18,843,ROIs1970_83_patch_48
train,19,660,ROIs1970_57_patch_120
train,20,869,ROIs1970_83_patch_74
train,21,83,ROIs1868_127_patch_83
train,22,695,ROIs1970_57_patch_155
train,23,1629,ROIs2017_130_patch_264
train,24,179,ROIs1868_127_patch_179
train,25,1658,ROIs2017_69_patch_23
train,26,157,ROIs1868_127_patch_157
train,27,1758,ROIs2017_69_patch_123
train,28,1747,ROIs2017_69_patch_112
train,29,250,ROIs1868_127_patch_250
train,30,312,ROIs1970_112_patch_42
train,31,1361,ROIs2017_115_patch_281
train,32,1163,ROIs2017_115_patch_83
train,33,1798,ROIs2017_69_patch_163
train,34,275,ROIs1970_112_patch_5
train,35,1099,ROIs2017_115_patch_19
train,36,1787,ROIs2017_69_patch_152
train,37,964,ROIs1970_83_patch_169
train,38,1066,ROIs1970_83_patch_271
train,39,609,ROIs1970_57_patch_69
train,40,1666,ROIs2017_69_patch_31
train,41,774,ROIs1970_57_patch_234
train,42,181,ROIs1868_127_patch_181
train,43,1502,ROIs2017_130_patch_137
train,44,407,ROIs1970_112_patch_137
train,45,668,ROIs1970_57_patch_128
train,46,593,ROIs1970_57_patch_53
train,47,1623,ROIs2017_130_patch_258
train,48,1101,ROIs2017_115_patch_21
train,49,565,ROIs1970_57_patch_25
train,50,1350,ROIs2017_115_patch_270
train,51,1572,ROIs2017_130_patch_207
train,52,1094,ROIs2017_115_patch_14
train,53,512,ROIs1970_112_patch_242
train,54,148,ROIs1868_127_patch_148
train,55,809,ROIs1970_83_patch_14
train,56,263,ROIs1868_127_patch_263
train,57,1853,ROIs2017_69_patch_218
train,58,908,ROIs1970_83_patch_113
train,59,927,ROIs1970_83_patch_132
train,60,626,ROIs1970_57_patch_86
train,61,569,ROIs1970_57_patch_29
train,62,1730,ROIs2017_69_patch_95
train,63,757,ROIs1970_57_patch_217
train,64,1574,ROIs2017_130_patch_209
train,65,1866,ROIs2017_69_patch_231
train,66,1107,ROIs2017_115_patch_27
train,67,1706,ROIs2017_69_patch_71
train,68,391,ROIs1970_112_patch_121
train,69,1255,ROIs2017_115_patch_175
train,70,947,ROIs1970_83_patch_152
train,71,828,ROIs1970_83_patch_33
train,72,1720,ROIs2017_69_patch_85
train,73,1057,ROIs1970_83_patch_262
train,74,19,ROIs1868_127_patch_19
train,75,1364,ROIs2017_115_patch_284
train,76,1575,ROIs2017_130_patch_210
train,77,1914,ROIs2017_69_patch_279
train,78,1562,ROIs2017_130_patch_197
train,79,1909,ROIs2017_69_patch_274
train,80,534,ROIs1970_112_patch_264
train,81,973,ROIs1970_83_patch_178
train,82,538,ROIs1970_112_patch_268
train,83,1017,ROIs1970_83_patch_222
train,84,646,ROIs1970_57_patch_106
train,85,285,ROIs1970_112_patch_15
train,86,309,ROIs1970_112_patch_39
train,87,1884,ROIs2017_69_patch_249
train,88,1059,ROIs1970_83_patch_264
train,89,552,ROIs1970_57_patch_12
train,90,697,ROIs1970_57_patch_157
train,91,1702,ROIs2017_69_patch_67
train,92,145,ROIs1868_127_patch_145
train,93,819,ROIs1970_83_patch_24
train,94,649,ROIs1970_57_patch_109
train,95,665,ROIs1970_57_patch_125
train,96,169,ROIs1868_127_patch_169
train,97,1051,ROIs1970_83_patch_256
train,98,171,ROIs1868_127_patch_171
train,99,1529,ROIs2017_130_patch_164
train,100,1470,ROIs2017_130_patch_105
train,101,291,ROIs1970_112_patch_21
train,102,1371,ROIs2017_130_patch_6
train,103,1240,ROIs2017_115_patch_160
train,104,1641,ROIs2017_69_patch_6
train,105,1746,ROIs2017_69_patch_111
train,106,1443,ROIs2017_130_patch_78
train,107,1307,ROIs2017_115_patch_227
train,108,1801,ROIs2017_69_patch_166
train,109,369,ROIs1970_112_patch_99
train,110,1365,ROIs2017_130_patch_0
train,111,525,ROIs1970_112_patch_255
train,112,167,ROIs1868_127_patch_167
train,113,1121,ROIs2017_115_patch_41
train,114,1430,ROIs2017_130_patch_65
train,115,874,ROIs1970_83_patch_79
train,116,528,ROIs1970_112_patch_258
train,117,1459,ROIs2017_130_patch_94
train,118,1617,ROIs2017_130_patch_252
train,119,770,ROIs1970_57_patch_230
train,120,359,ROIs1970_112_patch_89
train,121,923,ROIs1970_83_patch_128
train,122,507,ROIs1970_112_patch_237
train,123,884,ROIs1970_83_patch_89
train,124,1616,ROIs2017_130_patch_251
train,125,1314,ROIs2017_115_patch_234
train,126,1149,ROIs2017_115_patch_69
train,127,1379,ROIs2017_130_patch_14
train,128,891,ROIs1970_83_patch_96
train,129,1442,ROIs2017_130_patch_77
train,130,1047,ROIs1970_83_patch_252
train,131,1887,ROIs2017_69_patch_252
train,132,248,ROIs1868_127_patch_248
train,133,1767,ROIs2017_69_patch_132
train,134,1620,ROIs2017_130_patch_255
train,135,283,ROIs1970_112_patch_13
train,136,392,ROIs1970_112_patch_122
train,137,1290,ROIs2017_115_patch_210
train,138,1650,ROIs2017_69_patch_15
train,139,242,ROIs1868_127_patch_242
train,140,1399,ROIs2017_130_patch_34
train,141,807,ROIs1970_83_patch_12
train,142,159,ROIs1868_127_patch_159
train,143,204,ROIs1868_127_patch_204
train,144,775,ROIs1970_57_patch_235
train,145,1827,ROIs2017_69_patch_192
train,146,500,ROIs1970_112_patch_230
train,147,1352,ROIs2017_115_patch_272
train,148,700,ROIs1970_57_patch_160
train,149,1265,ROIs2017_115_patch_185
train,150,1102,ROIs2017_115_patch_22
train,151,149,ROIs1868_127_patch_149
train,152,1440,ROIs2017_130_patch_75
train,153,1258,ROIs2017_115_patch_178
train,154,1738,ROIs2017_69_patch_103
train,155,347,ROIs1970_112_patch_77
train,156,690,ROIs1970_57_patch_150
train,157,468,ROIs1970_112_patch_198
train,158,1726,ROIs2017_69_patch_91
train,159,1234,ROIs2017_115_patch_154
train,160,1126,ROIs2017_115_patch_46
train,161,868,ROIs1970_83_patch_73
train,162,1501,ROIs2017_130_patch_136
train,163,621,ROIs1970_57_patch_81
train,164,585,ROIs1970_57_patch_45
train,165,1523,ROIs2017_130_patch_158
train,166,121,ROIs1868_127_patch_121
train,167,1108,ROIs2017_115_patch_28
train,168,846,ROIs1970_83_patch_51
train,169,1167,ROIs2017_115_patch_87
train,170,1405,ROIs2017_130_patch_40
train,171,114,ROIs1868_127_patch_114
train,172,474,ROIs1970_112_patch_204
train,173,1406,ROIs2017_130_patch_41
train,174,195,ROIs1868_127_patch_195
train,175,1144,ROIs2017_115_patch_64
train,176,586,ROIs1970_57_patch_46
train,177,384,ROIs1970_112_patch_114
train,178,1680,ROIs2017_69_patch_45
train,179,298,ROIs1970_112_patch_28
train,180,308,ROIs1970_112_patch_38
train,181,529,ROIs1970_112_patch_259
train,182,901,ROIs1970_83_patch_106
train,183,475,ROIs1970_112_patch_205
train,184,992,ROIs1970_83_patch_197
train,185,1811,ROIs2017_69_patch_176
train,186,1655,ROIs2017_69_patch_20
train,187,914,ROIs1970_83_patch_119
train,188,1598,ROIs2017_130_patch_233
train,189,560,ROIs1970_57_patch_20
train,190,1452,ROIs2017_130_patch_87
train,191,385,ROIs1970_112_patch_115
train,192,1032,ROIs1970_83_patch_237
train,193,1895,ROIs2017_69_patch_260
train,194,756,ROIs1970_57_patch_216
train,195,1893,ROIs2017_69_patch_258
train,196,485,ROIs1970_112_patch_215
train,197,1293,ROIs2017_115_patch_213
train,198,1876,ROIs2017_69_patch_241
train,199,378,ROIs1970_112_patch_108
train,200,206,ROIs1868_127_patch_206
train,201,61,ROIs1868_127_patch_61
train,202,1762,ROIs2017_69_patch_127
train,203,1335,ROIs2017_115_patch_255
train,204,1779,ROIs2017_69_patch_144
train,205,1062,ROIs1970_83_patch_267
train,206,111,ROIs1868_127_patch_111
train,207,550,ROIs1970_57_patch_10
train,208,1357,ROIs2017_115_patch_277
train,209,284,ROIs1970_112_patch_14
train,210,1074,ROIs1970_83_patch_279
train,211,880,ROIs1970_83_patch_85
train,212,592,ROIs1970_57_patch_52
train,213,712,ROIs1970_57_patch_172
train,214,1454,ROIs2017_130_patch_89
train,215,1660,ROIs2017_69_patch_25
train,216,1067,ROIs1970_83_patch_272
train,217,946,ROIs1970_83_patch_151
train,218,1011,ROIs1970_83_patch_216
train,219,193,ROIs1868_127_patch_193
train,220,1838,ROIs2017_69_patch_203
train,221,1072,ROIs1970_83_patch_277
train,222,1065,ROIs1970_83_patch_270
train,223,1267,ROIs2017_115_patch_187
train,224,1217,ROIs2017_115_patch_137
train,225,591,ROIs1970_57_patch_51
train,226,678,ROIs1970_57_patch_138
train,227,792,ROIs1970_57_patch_252
train,228,180,ROIs1868_127_patch_180
train,229,1313,ROIs2017_115_patch_233
train,230,69,ROIs1868_127_patch_69
train,231,84,ROIs1868_127_patch_84
train,232,1603,ROIs2017_130_patch_238
train,233,1775,ROIs2017_69_patch_140
train,234,201,ROIs1868_127_patch_201
train,235,1415,ROIs2017_130_patch_50
train,236,457,ROIs1970_112_patch_187
train,237,1359,ROIs2017_115_patch_279
train,238,400,ROIs1970_112_patch_130
train,239,1759,ROIs2017_69_patch_124
train,240,1081,ROIs2017_115_patch_1
train,241,554,ROIs1970_57_patch_14
train,242,471,ROIs1970_112_patch_201
train,243,1841,ROIs2017_69_patch_206
train,244,446,ROIs1970_112_patch_176
train,245,1670,ROIs2017_69_patch_35
train,246,688,ROIs1970_57_patch_148
train,247,140,ROIs1868_127_patch_140
train,248,1600,ROIs2017_130_patch_235
train,249,871,ROIs1970_83_patch_76
train,250,1093,ROIs2017_115_patch_13
train,251,460,ROIs1970_112_patch_190
train,252,1831,ROIs2017_69_patch_196
train,253,818,ROIs1970_83_patch_23
train,254,940,ROIs1970_83_patch_145
train,255,1128,ROIs2017_115_patch_48
train,256,614,ROIs1970_57_patch_74
train,257,1000,ROIs1970_83_patch_205
train,258,987,ROIs1970_83_patch_192
train,259,1048,ROIs1970_83_patch_253
train,260,72,ROIs1868_127_patch_72
train,261,465,ROIs1970_112_patch_195
train,262,804,ROIs1970_83_patch_9
train,263,1804,ROIs2017_69_patch_169
train,264,826,ROIs1970_83_patch_31
train,265,1006,ROIs1970_83_patch_211
train,266,1129,ROIs2017_115_patch_49
train,267,270,ROIs1970_112_patch_0
train,268,954,ROIs1970_83_patch_159
train,269,86,ROIs1868_127_patch_86
train,270,107,ROIs1868_127_patch_107
train,271,1744,ROIs2017_69_patch_109
train,272,751,ROIs1970_57_patch_211
train,273,1143,ROIs2017_115_patch_63
train,274,1554,ROIs2017_130_patch_189
train,275,1750,ROIs2017_69_patch_115
train,276,556,ROIs1970_57_patch_16
train,277,1692,ROIs2017_69_patch_57
train,278,664,ROIs1970_57_patch_124
train,279,943,ROIs1970_83_patch_148
train,280,907,ROIs1970_83_patch_112
train,281,1713,ROIs2017_69_patch_78
train,282,881,ROIs1970_83_patch_86
train,283,1793,ROIs2017_69_patch_158
train,284,849,ROIs1970_83_patch_54
train,285,972,ROIs1970_83_patch_177
train,286,264,ROIs1868_127_patch_264
train,287,1431,ROIs2017_130_patch_66
train,288,1040,ROIs1970_83_patch_245
train,289,1391,ROIs2017_130_patch_26
train,290,680,ROIs1970_57_patch_140
train,291,1864,ROIs2017_69_patch_229
train,292,724,ROIs1970_57_patch_184
train,293,1549,ROIs2017_130_patch_184
train,294,455,ROIs1970_112_patch_185
train,295,600,ROIs1970_57_patch_60
train,296,389,ROIs1970_112_patch_119
train,297,1301,ROIs2017_115_patch_221
train,298,1262,ROIs2017_115_patch_182
train,299,1073,ROIs1970_83_patch_278
train,300,1216,ROIs2017_115_patch_136
train,301,613,ROIs1970_57_patch_73
train,302,314,ROIs1970_112_patch_44
train,303,15,ROIs1868_127_patch_15
train,304,657,ROIs1970_57_patch_117
train,305,896,ROIs1970_83_patch_101
train,306,549,ROIs1970_57_patch_9
train,307,575,ROIs1970_57_patch_35
train,308,719,ROIs1970_57_patch_179
train,309,545,ROIs1970_57_patch_5
train,310,937,ROIs1970_83_patch_142
train,311,1585,ROIs2017_130_patch_220
train,312,165,ROIs1868_127_patch_165
train,313,1252,ROIs2017_115_patch_172
train,314,338,ROIs1970_112_patch_68
train,315,970,ROIs1970_83_patch_175
train,316,1366,ROIs2017_130_patch_1
train,317,1247,ROIs2017_115_patch_167
train,318,1024,ROIs1970_83_patch_229
train,319,14,ROIs1868_127_patch_14
train,320,855,ROIs1970_83_patch_60
train,321,212,ROIs1868_127_patch_212
train,322,887,ROIs1970_83_patch_92
train,323,977,ROIs1970_83_patch_182
train,324,1225,ROIs2017_115_patch_145
train,325,776,ROIs1970_57_patch_236
train,326,10,ROIs1868_127_patch_10
train,327,1903,ROIs2017_69_patch_268
train,328,1423,ROIs2017_130_patch_58
train,329,596,ROIs1970_57_patch_56
train,330,726,ROIs1970_57_patch_186
train,331,431,ROIs1970_112_patch_161
train,332,959,ROIs1970_83_patch_164
train,333,1159,ROIs2017_115_patch_79
train,334,1033,ROIs1970_83_patch_238
train,335,1458,ROIs2017_130_patch_93
train,336,1196,ROIs2017_115_patch_116
train,337,1526,ROIs2017_130_patch_161
train,338,317,ROIs1970_112_patch_47
train,339,1358,ROIs2017_115_patch_278
train,340,454,ROIs1970_112_patch_184
train,341,1647,ROIs2017_69_patch_12
train,342,976,ROIs1970_83_patch_181
train,343,773,ROIs1970_57_patch_233
train,344,1786,ROIs2017_69_patch_151
train,345,1462,ROIs2017_130_patch_97
train,346,488,ROIs1970_112_patch_218
train,347,41,ROIs1868_127_patch_41
train,348,571,ROIs1970_57_patch_31
train,349,1464,ROIs2017_130_patch_99
train,350,599,ROIs1970_57_patch_59
train,351,979,ROIs1970_83_patch_184
train,352,864,ROIs1970_83_patch_69
train,353,18,ROIs1868_127_patch_18
train,354,306,ROIs1970_112_patch_36
train,355,1299,ROIs2017_115_patch_219
train,356,797,ROIs1970_83_patch_2
train,357,332,ROIs1970_112_patch_62
train,358,1424,ROIs2017_130_patch_59
train,359,1286,ROIs2017_115_patch_206
train,360,66,ROIs1868_127_patch_66
train,361,51,ROIs1868_127_patch_51
train,362,1230,ROIs2017_115_patch_150
train,363,1527,ROIs2017_130_patch_162
train,364,1042,ROIs1970_83_patch_247
train,365,762,ROIs1970_57_patch_222
train,366,219,ROIs1868_127_patch_219
train,367,487,ROIs1970_112_patch_217
train,368,1026,ROIs1970_83_patch_231
train,369,1282,ROIs2017_115_patch_202
train,370,1285,ROIs2017_115_patch_205
train,371,1503,ROIs2017_130_patch_138
train,372,1597,ROIs2017_130_patch_232
train,373,1573,ROIs2017_130_patch_208
train,374,758,ROIs1970_57_patch_218
train,375,999,ROIs1970_83_patch_204
train,376,30,ROIs1868_127_patch_30
train,377,1215,ROIs2017_115_patch_135
train,378,1315,ROIs2017_115_patch_235
train,379,1227,ROIs2017_115_patch_147
train,380,387,ROIs1970_112_patch_117
train,381,1867,ROIs2017_69_patch_232
train,382,1421,ROIs2017_130_patch_56
train,383,220,ROIs1868_127_patch_220
train,384,932,ROIs1970_83_patch_137
train,385,1829,ROIs2017_69_patch_194
train,386,26,ROIs1868_127_patch_26
train,387,1822,ROIs2017_69_patch_187
train,388,290,ROIs1970_112_patch_20
train,389,1088,ROIs2017_115_patch_8
train,390,1902,ROIs2017_69_patch_267
train,391,429,ROIs1970_112_patch_159
train,392,463,ROIs1970_112_patch_193
train,393,197,ROIs1868_127_patch_197
train,394,1156,ROIs2017_115_patch_76
train,395,1539,ROIs2017_130_patch_174
train,396,1491,ROIs2017_130_patch_126
train,397,1027,ROIs1970_83_patch_232
train,398,1901,ROIs2017_69_patch_266
train,399,733,ROIs1970_57_patch_193
train,400,1879,ROIs2017_69_patch_244
train,401,833,ROIs1970_83_patch_38
train,402,278,ROIs1970_112_patch_8
train,403,1251,ROIs2017_115_patch_171
train,404,1899,ROIs2017_69_patch_264
train,405,1642,ROIs2017_69_patch_7
train,406,73,ROIs1868_127_patch_73
train,407,272,ROIs1970_112_patch_2
train,408,1019,ROIs1970_83_patch_224
train,409,1084,ROIs2017_115_patch_4
train,410,1346,ROIs2017_115_patch_266
train,411,1803,ROIs2017_69_patch_168
train,412,845,ROIs1970_83_patch_50
train,413,568,ROIs1970_57_patch_28
train,414,286,ROIs1970_112_patch_16
train,415,76,ROIs1868_127_patch_76
train,416,956,ROIs1970_83_patch_161
train,417,1237,ROIs2017_115_patch_157
train,418,48,ROIs1868_127_patch_48
train,419,939,ROIs1970_83_patch_144
train,420,1601,ROIs2017_130_patch_236
train,421,481,ROIs1970_112_patch_211
train,422,1187,ROIs2017_115_patch_107
train,423,176,ROIs1868_127_patch_176
train,424,1231,ROIs2017_115_patch_151
train,425,1545,ROIs2017_130_patch_180
train,426,1664,ROIs2017_69_patch_29
train,427,1244,ROIs2017_115_patch_164
train,428,87,ROIs1868_127_patch_87
train,429,47,ROIs1868_127_patch_47
train,430,194,ROIs1868_127_patch_194
train,431,1586,ROIs2017_130_patch_221
train,432,1316,ROIs2017_115_patch_236
train,433,1125,ROIs2017_115_patch_45
train,434,1649,ROIs2017_69_patch_14
train,435,1077,ROIs1970_83_patch_282
train,436,995,ROIs1970_83_patch_200
train,437,1665,ROIs2017_69_patch_30
train,438,1428,ROIs2017_130_patch_63
train,439,1219,ROIs2017_115_patch_139
train,440,1712,ROIs2017_69_patch_77
train,441,1038,ROIs1970_83_patch_243
train,442,542,ROIs1970_57_patch_2
train,443,998,ROIs1970_83_patch_203
train,444,70,ROIs1868_127_patch_70
train,445,929,ROIs1970_83_patch_134
train,446,1648,ROIs2017_69_patch_13
train,447,476,ROIs1970_112_patch_206
train,448,886,ROIs1970_83_patch_91
train,449,1134,ROIs2017_115_patch_54
train,450,1733,ROIs2017_69_patch_98
train,451,854,ROIs1970_83_patch_59
train,452,853,ROIs1970_83_patch_58
train,453,1283,ROIs2017_115_patch_203
train,454,1432,ROIs2017_130_patch_67
train,455,1723,ROIs2017_69_patch_88
train,456,1269,ROIs2017_115_patch_189
train,457,281,ROIs1970_112_patch_11
train,458,1174,ROIs2017_115_patch_94
train,459,110,ROIs1868_127_patch_110
train,460,1685,ROIs2017_69_patch_50
train,461,1868,ROIs2017_69_patch_233
train,462,777,ROIs1970_57_patch_237
train,463,1522,ROIs2017_130_patch_157
train,464,353,ROIs1970_112_patch_83
train,465,798,ROIs1970_83_patch_3
train,466,1773,ROIs2017_69_patch_138
train,467,409,ROIs1970_112_patch_139
train,468,768,ROIs1970_57_patch_228
train,469,1273,ROIs2017_115_patch_193
train,470,1490,ROIs2017_130_patch_125
train,471,221,ROIs1868_127_patch_221
train,472,1154,ROIs2017_115_patch_74
train,473,1499,ROIs2017_130_patch_134
train,474,71,ROIs1868_127_patch_71
train,475,1637,ROIs2017_69_patch_2
train,476,720,ROIs1970_57_patch_180
train,477,1850,ROIs2017_69_patch_215
train,478,1198,ROIs2017_115_patch_118
train,479,1755,ROIs2017_69_patch_120
train,480,1915,ROIs2017_69_patch_280
train,481,716,ROIs1970_57_patch_176
train,482,1900,ROIs2017_69_patch_265
train,483,1835,ROIs2017_69_patch_200
train,484,672,ROIs1970_57_patch_132
train,485,319,ROIs1970_112_patch_49
train,486,1536,ROIs2017_130_patch_171
train,487,226,ROIs1868_127_patch_226
train,488,1472,ROIs2017_130_patch_107
train,489,1602,ROIs2017_130_patch_237
train,490,969,ROIs1970_83_patch_174
train,491,492,ROIs1970_112_patch_222
train,492,428,ROIs1970_112_patch_158
train,493,895,ROIs1970_83_patch_100
train,494,814,ROIs1970_83_patch_19
train,495,1133,ROIs2017_115_patch_53
train,496,62,ROIs1868_127_patch_62
train,497,656,ROIs1970_57_patch_116
train,498,1722,ROIs2017_69_patch_87
train,499,1621,ROIs2017_130_patch_256
train,500,1142,ROIs2017_115_patch_62
train,501,1087,ROIs2017_115_patch_7
train,502,524,ROIs1970_112_patch_254
train,503,1590,ROIs2017_130_patch_225
train,504,1030,ROIs1970_83_patch_235
train,505,650,ROIs1970_57_patch_110
train,506,1451,ROIs2017_130_patch_86
train,507,1913,ROIs2017_69_patch_278
train,508,1259,ROIs2017_115_patch_179
train,509,1917,ROIs2017_69_patch_282
train,510,544,ROIs1970_57_patch_4
train,511,377,ROIs1970_112_patch_107
train,512,862,ROIs1970_83_patch_67
train,513,1202,ROIs2017_115_patch_122
train,514,1177,ROIs2017_115_patch_97
train,515,1274,ROIs2017_115_patch_194
train,516,1123,ROIs2017_115_patch_43
train,517,617,ROIs1970_57_patch_77
train,518,605,ROIs1970_57_patch_65
train,519,1106,ROIs2017_115_patch_26
train,520,1855,ROIs2017_69_patch_220
train,521,422,ROIs1970_112_patch_152
train,522,1769,ROIs2017_69_patch_134
train,523,362,ROIs1970_112_patch_92
train,524,1721,ROIs2017_69_patch_86
train,525,1329,ROIs2017_115_patch_249
train,526,1206,ROIs2017_115_patch_126
train,527,1506,ROIs2017_130_patch_141
train,528,135,ROIs1868_127_patch_135
train,529,1320,ROIs2017_115_patch_240
train,530,217,ROIs1868_127_patch_217
train,531,120,ROIs1868_127_patch_120
train,532,1120,ROIs2017_115_patch_40
train,533,1836,ROIs2017_69_patch_201
train,534,710,ROIs1970_57_patch_170
train,535,717,ROIs1970_57_patch_177
train,536,1799,ROIs2017_69_patch_164
train,537,1557,ROIs2017_130_patch_192
train,538,722,ROIs1970_57_patch_182
train,539,1694,ROIs2017_69_patch_59
train,540,405,ROIs1970_112_patch_135
train,541,375,ROIs1970_112_patch_105
train,542,1034,ROIs1970_83_patch_239
train,543,260,ROIs1868_127_patch_260
train,544,1496,ROIs2017_130_patch_131
train,545,411,ROIs1970_112_patch_141
train,546,1672,ROIs2017_69_patch_37
train,547,28,ROIs1868_127_patch_28
train,548,637,ROIs1970_57_patch_97
train,549,373,ROIs1970_112_patch_103
train,550,1808,ROIs2017_69_patch_173
train,551,134,ROIs1868_127_patch_134
train,552,1012,ROIs1970_83_patch_217
train,553,536,ROIs1970_112_patch_266
train,554,1752,ROIs2017_69_patch_117
train,555,983,ROIs1970_83_patch_188
train,556,1135,ROIs2017_115_patch_55
train,557,1576,ROIs2017_130_patch_211
train,558,483,ROIs1970_112_patch_213
train,559,13,ROIs1868_127_patch_13
train,560,404,ROIs1970_112_patch_134
train,561,841,ROIs1970_83_patch_46
train,562,1172,ROIs2017_115_patch_92
train,563,1041,ROIs1970_83_patch_246
train,564,1843,ROIs2017_69_patch_208
train,565,161,ROIs1868_127_patch_161
train,566,847,ROIs1970_83_patch_52
train,567,1369,ROIs2017_130_patch_4
train,568,1910,ROIs2017_69_patch_275
train,569,1782,ROIs2017_69_patch_147
train,570,1671,ROIs2017_69_patch_36
train,571,1376,ROIs2017_130_patch_11
train,572,1856,ROIs2017_69_patch_221
train,573,498,ROIs1970_112_patch_228
train,574,806,ROIs1970_83_patch_11
train,575,635,ROIs1970_57_patch_95
train,576,1212,ROIs2017_115_patch_132
train,577,438,ROIs1970_112_patch_168
train,578,835,ROIs1970_83_patch_40
train,579,1849,ROIs2017_69_patch_214
train,580,1109,ROIs2017_115_patch_29
train,581,1349,ROIs2017_115_patch_269
train,582,1043,ROIs1970_83_patch_248
train,583,2,ROIs1868_127_patch_2
train,584,466,ROIs1970_112_patch_196
train,585,610,ROIs1970_57_patch_70
train,586,1165,ROIs2017_115_patch_85
train,587,885,ROIs1970_83_patch_90
train,588,951,ROIs1970_83_patch_156
train,589,344,ROIs1970_112_patch_74
train,590,300,ROIs1970_112_patch_30
train,591,1807,ROIs2017_69_patch_172
train,592,1908,ROIs2017_69_patch_273
train,593,287,ROIs1970_112_patch_17
train,594,1877,ROIs2017_69_patch_242
train,595,705,ROIs1970_57_patch_165
train,596,1872,ROIs2017_69_patch_237
train,597,1581,ROIs2017_130_patch_216
train,598,985,ROIs1970_83_patch_190
train,599,328,ROIs1970_112_patch_58
train,600,708,ROIs1970_57_patch_168
train,601,730,ROIs1970_57_patch_190
train,602,350,ROIs1970_112_patch_80
train,603,307,ROIs1970_112_patch_37
train,604,146,ROIs1868_127_patch_146
train,605,840,ROIs1970_83_patch_45
train,606,1180,ROIs2017_115_patch_100
train,607,494,ROIs1970_112_patch_224
train,608,16,ROIs1868_127_patch_16
train,609,555,ROIs1970_57_patch_15
train,610,1368,ROIs2017_130_patch_3
train,611,1780,ROIs2017_69_patch_145
train,612,779,ROIs1970_57_patch_239
train,613,1771,ROIs2017_69_patch_136
train,614,1203,ROIs2017_115_patch_123
train,615,1754,ROIs2017_69_patch_119
train,616,744,ROIs1970_57_patch_204
train,617,863,ROIs1970_83_patch_68
train,618,1684,ROIs2017_69_patch_49
train,619,639,ROIs1970_57_patch_99
train,620,1919,ROIs2017_69_patch_284
train,621,738,ROIs1970_57_patch_198
train,622,938,ROIs1970_83_patch_143
train,623,1053,ROIs1970_83_patch_258
train,624,618,ROIs1970_57_patch_78
train,625,91,ROIs1868_127_patch_91
train,626,1886,ROIs2017_69_patch_251
train,627,1028,ROIs1970_83_patch_233
train,628,472,ROIs1970_112_patch_202
train,629,1050,ROIs1970_83_patch_255
train,630,138,ROIs1868_127_patch_138
train,631,131,ROIs1868_127_patch_131
train,632,89,ROIs1868_127_patch_89
train,633,416,ROIs1970_112_patch_146
train,634,991,ROIs1970_83_patch_196
train,635,1254,ROIs2017_115_patch_174
train,636,467,ROIs1970_112_patch_197
train,637,227,ROIs1868_127_patch_227
train,638,1765,ROIs2017_69_patch_130
train,639,1634,ROIs2017_130_patch_269
train,640,1789,ROIs2017_69_patch_154
train,641,1622,ROIs2017_130_patch_257
train,642,1205,ROIs2017_115_patch_125
train,643,1874,ROIs2017_69_patch_239
train,644,839,ROIs1970_83_patch_44
train,645,1151,ROIs2017_115_patch_71
train,646,654,ROIs1970_57_patch_114
train,647,1182,ROIs2017_115_patch_102
train,648,815,ROIs1970_83_patch_20
train,649,470,ROIs1970_112_patch_200
train,650,670,ROIs1970_57_patch_130
train,651,150,ROIs1868_127_patch_150
train,652,718,ROIs1970_57_patch_178
train,653,352,ROIs1970_112_patch_82
train,654,1579,ROIs2017_130_patch_214
train,655,879,ROIs1970_83_patch_84
train,656,443,ROIs1970_112_patch_173
train,657,1690,ROIs2017_69_patch_55
train,658,32,ROIs1868_127_patch_32
train,659,435,ROIs1970_112_patch_165
train,660,1383,ROIs2017_130_patch_18
train,661,501,ROIs1970_112_patch_231
train,662,882,ROIs1970_83_patch_87
train,663,1085,ROIs2017_115_patch_5
train,664,1176,ROIs2017_115_patch_96
train,665,1382,ROIs2017_130_patch_17
train,666,1171,ROIs2017_115_patch_91
train,667,686,ROIs1970_57_patch_146
train,668,1140,ROIs2017_115_patch_60
train,669,1105,ROIs2017_115_patch_25
train,670,800,ROIs1970_83_patch_5
train,671,1516,ROIs2017_130_patch_151
train,672,1485,ROIs2017_130_patch_120
train,673,516,ROIs1970_112_patch_246
train,674,1475,ROIs2017_130_patch_110
train,675,1434,ROIs2017_130_patch_69
train,676,1911,ROIs2017_69_patch_276
train,677,889,ROIs1970_83_patch_94
train,678,239,ROIs1868_127_patch_239
train,679,652,ROIs1970_57_patch_112
train,680,1535,ROIs2017_130_patch_170
train,681,1639,ROIs2017_69_patch_4
train,682,335,ROIs1970_112_patch_65
train,683,1325,ROIs2017_115_patch_245
train,684,1784,ROIs2017_69_patch_149
train,685,765,ROIs1970_57_patch_225
train,686,663,ROIs1970_57_patch_123
train,687,1224,ROIs2017_115_patch_144
train,688,448,ROIs1970_112_patch_178
train,689,1815,ROIs2017_69_patch_180
train,690,739,ROIs1970_57_patch_199
train,691,1812,ROIs2017_69_patch_177
train,692,1076,ROIs1970_83_patch_281
train,693,747,ROIs1970_57_patch_207
train,694,1467,ROIs2017_130_patch_102
train,695,732,ROIs1970_57_patch_192
train,696,1654,ROIs2017_69_patch_19
train,697,1828,ROIs2017_69_patch_193
train,698,502,ROIs1970_112_patch_232
train,699,1319,ROIs2017_115_patch_239
train,700,1425,ROIs2017_130_patch_60
train,701,1160,ROIs2017_115_patch_80
train,702,1468,ROIs2017_130_patch_103
train,703,368,ROIs1970_112_patch_98
train,704,1732,ROIs2017_69_patch_97
train,705,1248,ROIs2017_115_patch_168
train,706,143,ROIs1868_127_patch_143
train,707,808,ROIs1970_83_patch_13
train,708,674,ROIs1970_57_patch_134
train,709,713,ROIs1970_57_patch_173
train,710,129,ROIs1868_127_patch_129
train,711,1599,ROIs2017_130_patch_234
train,712,288,ROIs1970_112_patch_18
train,713,1005,ROIs1970_83_patch_210
train,714,1643,ROIs2017_69_patch_8
train,715,1729,ROIs2017_69_patch_94
train,716,1918,ROIs2017_69_patch_283
train,717,1064,ROIs1970_83_patch_269
train,718,279,ROIs1970_112_patch_9
train,719,1741,ROIs2017_69_patch_106
train,720,406,ROIs1970_112_patch_136
train,721,867,ROIs1970_83_patch_72
train,722,729,ROIs1970_57_patch_189
train,723,604,ROIs1970_57_patch_64
train,724,1220,ROIs2017_115_patch_140
train,725,750,ROIs1970_57_patch_210
train,726,304,ROIs1970_112_patch_34
train,727,936,ROIs1970_83_patch_141
train,728,215,ROIs1868_127_patch_215
train,729,1626,ROIs2017_130_patch_261
train,730,1778,ROIs2017_69_patch_143
train,731,1031,ROIs1970_83_patch_236
train,732,1756,ROIs2017_69_patch_121
train,733,305,ROIs1970_112_patch_35
train,734,1699,ROIs2017_69_patch_64
train,735,412,ROIs1970_112_patch_142
train,736,1387,ROIs2017_130_patch_22
train,737,1640,ROIs2017_69_patch_5
train,738,210,ROIs1868_127_patch_210
train,739,188,ROIs1868_127_patch_188
train,740,253,ROIs1868_127_patch_253
train,741,645,ROIs1970_57_patch_105
train,742,1279,ROIs2017_115_patch_199
train,743,349,ROIs1970_112_patch_79
train,744,1898,ROIs2017_69_patch_263
train,745,262,ROIs1868_127_patch_262
train,746,1082,ROIs2017_115_patch_2
train,747,213,ROIs1868_127_patch_213
train,748,255,ROIs1868_127_patch_255
train,749,1514,ROIs2017_130_patch_149
train,750,1375,ROIs2017_130_patch_10
train,751,576,ROIs1970_57_patch_36
train,752,698,ROIs1970_57_patch_158
train,753,986,ROIs1970_83_patch_191
train,754,1119,ROIs2017_115_patch_39
train,755,508,ROIs1970_112_patch_238
train,756,1753,ROIs2017_69_patch_118
train,757,104,ROIs1868_127_patch_104
train,758,1296,ROIs2017_115_patch_216
train,759,1380,ROIs2017_130_patch_15
train,760,128,ROIs1868_127_patch_128
train,761,163,ROIs1868_127_patch_163
train,762,693,ROIs1970_57_patch_153
train,763,1524,ROIs2017_130_patch_159
train,764,924,ROIs1970_83_patch_129
train,765,842,ROIs1970_83_patch_47
train,766,812,ROIs1970_83_patch_17
train,767,1348,ROIs2017_115_patch_268
train,768,199,ROIs1868_127_patch_199
train,769,1386,ROIs2017_130_patch_21
train,770,1628,ROIs2017_130_patch_263
train,771,1435,ROIs2017_130_patch_70
train,772,1772,ROIs2017_69_patch_137
train,773,817,ROIs1970_83_patch_22
train,774,931,ROIs1970_83_patch_136
train,775,334,ROIs1970_112_patch_64
train,776,1360,ROIs2017_115_patch_280
train,777,390,ROIs1970_112_patch_120
train,778,1413,ROIs2017_130_patch_48
train,779,1783,ROIs2017_69_patch_148
train,780,944,ROIs1970_83_patch_149
train,781,905,ROIs1970_83_patch_110
train,782,1271,ROIs2017_115_patch_191
train,783,1132,ROIs2017_115_patch_52
train,784,1857,ROIs2017_69_patch_222
train,785,35,ROIs1868_127_patch_35
train,786,340,ROIs1970_112_patch_70
train,787,1461,ROIs2017_130_patch_96
train,788,506,ROIs1970_112_patch_236
train,789,1150,ROIs2017_115_patch_70
train,790,1455,ROIs2017_130_patch_90
train,791,594,ROIs1970_57_patch_54
train,792,1020,ROIs1970_83_patch_225
train,793,1178,ROIs2017_115_patch_98
train,794,1770,ROIs2017_69_patch_135
train,795,1389,ROIs2017_130_patch_24
train,796,1276,ROIs2017_115_patch_196
train,797,1355,ROIs2017_115_patch_275
train,798,1228,ROIs2017_115_patch_148
train,799,990,ROIs1970_83_patch_195
train,800,1480,ROIs2017_130_patch_115
train,801,1100,ROIs2017_115_patch_20
train,802,1326,ROIs2017_115_patch_246
train,803,282,ROIs1970_112_patch_12
train,804,1321,ROIs2017_115_patch_241
train,805,852,ROIs1970_83_patch_57
train,806,200,ROIs1868_127_patch_200
train,807,1146,ROIs2017_115_patch_66
train,808,1253,ROIs2017_115_patch_173
train,809,49,ROIs1868_127_patch_49
train,810,1682,ROIs2017_69_patch_47
train,811,1221,ROIs2017_115_patch_141
train,812,1840,ROIs2017_69_patch_205
train,813,1525,ROIs2017_130_patch_160
train,814,1037,ROIs1970_83_patch_242
train,815,1170,ROIs2017_115_patch_90
train,816,1800,ROIs2017_69_patch_165
train,817,648,ROIs1970_57_patch_108
train,818,1243,ROIs2017_115_patch_163
train,819,266,ROIs1868_127_patch_266
train,820,926,ROIs1970_83_patch_131
train,821,782,ROIs1970_57_patch_242
train,822,1667,ROIs2017_69_patch_32
train,823,984,ROIs1970_83_patch_189
train,824,570,ROIs1970_57_patch_30
train,825,1289,ROIs2017_115_patch_209
train,826,1860,ROIs2017_69_patch_225
train,827,893,ROIs1970_83_patch_98
train,828,1630,ROIs2017_130_patch_265
train,829,479,ROIs1970_112_patch_209
train,830,339,ROIs1970_112_patch_69
train,831,246,ROIs1868_127_patch_246
train,832,866,ROIs1970_83_patch_71
train,833,1631,ROIs2017_130_patch_266
train,834,211,ROIs1868_127_patch_211
train,835,684,ROIs1970_57_patch_144
train,836,60,ROIs1868_127_patch_60
train,837,125,ROIs1868_127_patch_125
train,838,1513,ROIs2017_130_patch_148
train,839,836,ROIs1970_83_patch_41
train,840,43,ROIs1868_127_patch_43
train,841,1450,ROIs2017_130_patch_85
train,842,515,ROIs1970_112_patch_245
train,843,1256,ROIs2017_115_patch_176
train,844,244,ROIs1868_127_patch_244
train,845,1063,ROIs1970_83_patch_268
train,846,1693,ROIs2017_69_patch_58
train,847,913,ROIs1970_83_patch_118
train,848,966,ROIs1970_83_patch_171
train,849,54,ROIs1868_127_patch_54
train,850,432,ROIs1970_112_patch_162
train,851,1869,ROIs2017_69_patch_234
train,852,254,ROIs1868_127_patch_254
train,853,1916,ROIs2017_69_patch_281
train,854,577,ROIs1970_57_patch_37
train,855,1096,ROIs2017_115_patch_16
train,856,540,ROIs1970_57_patch_0
train,857,1075,ROIs1970_83_patch_280
train,858,1261,ROIs2017_115_patch_181
train,859,1871,ROIs2017_69_patch_236
train,860,1587,ROIs2017_130_patch_222
train,861,381,ROIs1970_112_patch_111
train,862,634,ROIs1970_57_patch_94
train,863,205,ROIs1868_127_patch_205
train,864,269,ROIs1868_127_patch_269
train,865,489,ROIs1970_112_patch_219
train,866,1890,ROIs2017_69_patch_255
train,867,37,ROIs1868_127_patch_37
train,868,746,ROIs1970_57_patch_206
train,869,386,ROIs1970_112_patch_116
train,870,551,ROIs1970_57_patch_11
train,871,1414,ROIs2017_130_patch_49
train,872,953,ROIs1970_83_patch_158
train,873,1403,ROIs2017_130_patch_38
train,874,709,ROIs1970_57_patch_169
train,875,622,ROIs1970_57_patch_82
train,876,1497,ROIs2017_130_patch_132
train,877,1561,ROIs2017_130_patch_196
train,878,1324,ROIs2017_115_patch_244
train,879,158,ROIs1868_127_patch_158
train,880,624,ROIs1970_57_patch_84
train,881,426,ROIs1970_112_patch_156
train,882,1466,ROIs2017_130_patch_101
train,883,44,ROIs1868_127_patch_44
train,884,267,ROIs1868_127_patch_267
train,885,994,ROIs1970_83_patch_199
train,886,318,ROIs1970_112_patch_48
train,887,1398,ROIs2017_130_patch_33
train,888,397,ROIs1970_112_patch_127
train,889,95,ROIs1868_127_patch_95
train,890,786,ROIs1970_57_patch_246
train,891,81,ROIs1868_127_patch_81
train,892,1332,ROIs2017_115_patch_252
train,893,837,ROIs1970_83_patch_42
train,894,289,ROIs1970_112_patch_19
train,895,865,ROIs1970_83_patch_70
train,896,965,ROIs1970_83_patch_170
train,897,67,ROIs1868_127_patch_67
train,898,1696,ROIs2017_69_patch_61
train,899,816,ROIs1970_83_patch_21
train,900,1044,ROIs1970_83_patch_249
train,901,820,ROIs1970_83_patch_25
train,902,229,ROIs1868_127_patch_229
train,903,1400,ROIs2017_130_patch_35
train,904,1362,ROIs2017_115_patch_282
train,905,491,ROIs1970_112_patch_221
train,906,1139,ROIs2017_115_patch_59
train,907,1873,ROIs2017_69_patch_238
train,908,1338,ROIs2017_115_patch_258
train,909,559,ROIs1970_57_patch_19
train,910,1016,ROIs1970_83_patch_221
train,911,1021,ROIs1970_83_patch_226
train,912,1436,ROIs2017_130_patch_71
train,913,1002,ROIs1970_83_patch_207
train,914,1797,ROIs2017_69_patch_162
train,915,40,ROIs1868_127_patch_40
train,916,224,ROIs1868_127_patch_224
train,917,1615,ROIs2017_130_patch_250
train,918,1385,ROIs2017_130_patch_20
train,919,941,ROIs1970_83_patch_146
train,920,1308,ROIs2017_115_patch_228
train,921,978,ROIs1970_83_patch_183
train,922,794,ROIs1970_57_patch_254
train,923,231,ROIs1868_127_patch_231
train,924,834,ROIs1970_83_patch_39
train,925,1675,ROIs2017_69_patch_40
train,926,1736,ROIs2017_69_patch_101
train,927,31,ROIs1868_127_patch_31
train,928,1181,ROIs2017_115_patch_101
train,929,562,ROIs1970_57_patch_22
train,930,831,ROIs1970_83_patch_36
train,931,1272,ROIs2017_115_patch_192
train,932,767,ROIs1970_57_patch_227
train,933,372,ROIs1970_112_patch_102
train,934,1825,ROIs2017_69_patch_190
train,935,1669,ROIs2017_69_patch_34
train,936,760,ROIs1970_57_patch_220
train,937,380,ROIs1970_112_patch_110
train,938,1343,ROIs2017_115_patch_263
train,939,42,ROIs1868_127_patch_42
train,940,1351,ROIs2017_115_patch_271
train,941,1337,ROIs2017_115_patch_257
train,942,1441,ROIs2017_130_patch_76
train,943,268,ROIs1868_127_patch_268
train,944,1644,ROIs2017_69_patch_9
train,945,1015,ROIs1970_83_patch_220
train,946,52,ROIs1868_127_patch_52
train,947,1469,ROIs2017_130_patch_104
train,948,1861,ROIs2017_69_patch_226
train,949,1481,ROIs2017_130_patch_116
train,950,22,ROIs1868_127_patch_22
train,951,1605,ROIs2017_130_patch_240
train,952,361,ROIs1970_112_patch_91
train,953,1381,ROIs2017_130_patch_16
train,954,410,ROIs1970_112_patch_140
train,955,1333,ROIs2017_115_patch_253
train,956,975,ROIs1970_83_patch_180
train,957,1046,ROIs1970_83_patch_251
train,958,1595,ROIs2017_130_patch_230
train,959,348,ROIs1970_112_patch_78
train,960,1768,ROIs2017_69_patch_133
train,961,366,ROIs1970_112_patch_96
train,962,1281,ROIs2017_115_patch_201
train,963,772,ROIs1970_57_patch_232
train,964,974,ROIs1970_83_patch_179
train,965,495,ROIs1970_112_patch_225
train,966,358,ROIs1970_112_patch_88
train,967,590,ROIs1970_57_patch_50
train,968,187,ROIs1868_127_patch_187
train,969,631,ROIs1970_57_patch_91
train,970,1695,ROIs2017_69_patch_60
train,971,687,ROIs1970_57_patch_147
train,972,1328,ROIs2017_115_patch_248
train,973,572,ROIs1970_57_patch_32
train,974,588,ROIs1970_57_patch_48
train,975,1805,ROIs2017_69_patch_170
train,976,620,ROIs1970_57_patch_80
train,977,1577,ROIs2017_130_patch_212
train,978,1449,ROIs2017_130_patch_84
train,979,1433,ROIs2017_130_patch_68
train,980,1659,ROIs2017_69_patch_24
train,981,320,ROIs1970_112_patch_50
train,982,418,ROIs1970_112_patch_148
train,983,346,ROIs1970_112_patch_76
train,984,602,ROIs1970_57_patch_62
train,985,573,ROIs1970_57_patch_33
train,986,1709,ROIs2017_69_patch_74
train,987,1300,ROIs2017_115_patch_220
train,988,113,ROIs1868_127_patch_113
train,989,427,ROIs1970_112_patch_157
train,990,1891,ROIs2017_69_patch_256
train,991,1341,ROIs2017_115_patch_261
train,992,236,ROIs1868_127_patch_236
train,993,1001,ROIs1970_83_patch_206
train,994,370,ROIs1970_112_patch_100
train,995,723,ROIs1970_57_patch_183
train,996,1092,ROIs2017_115_patch_12
train,997,1560,ROIs2017_130_patch_195
train,998,379,ROIs1970_112_patch_109
train,999,662,ROIs1970_57_patch_122
train,1000,79,ROIs1868_127_patch_79
train,1001,850,ROIs1970_83_patch_55
train,1002,1704,ROIs2017_69_patch_69
train,1003,824,ROIs1970_83_patch_29
train,1004,627,ROIs1970_57_patch_87
train,1005,436,ROIs1970_112_patch_166
train,1006,666,ROIs1970_57_patch_126
train,1007,1103,ROIs2017_115_patch_23
train,1008,653,ROIs1970_57_patch_113
train,1009,945,ROIs1970_83_patch_150
train,1010,1370,ROIs2017_130_patch_5
train,1011,1232,ROIs2017_115_patch_152
train,1012,587,ROIs1970_57_patch_47
train,1013,234,ROIs1868_127_patch_234
train,1014,103,ROIs1868_127_patch_103
train,1015,1858,ROIs2017_69_patch_223
train,1016,934,ROIs1970_83_patch_139
train,1017,1420,ROIs2017_130_patch_55
train,1018,123,ROIs1868_127_patch_123
train,1019,1818,ROIs2017_69_patch_183
train,1020,1310,ROIs2017_115_patch_230
train,1021,499,ROIs1970_112_patch_229
train,1022,1739,ROIs2017_69_patch_104
train,1023,1493,ROIs2017_130_patch_128
train,1024,1847,ROIs2017_69_patch_212
train,1025,1553,ROIs2017_130_patch_188
train,1026,740,ROIs1970_57_patch_200
train,1027,124,ROIs1868_127_patch_124
train,1028,1260,ROIs2017_115_patch_180
train,1029,1378,ROIs2017_130_patch_13
train,1030,1842,ROIs2017_69_patch_207
train,1031,1777,ROIs2017_69_patch_142
train,1032,1816,ROIs2017_69_patch_181
train,1033,1543,ROIs2017_130_patch_178
train,1034,749,ROIs1970_57_patch_209
train,1035,608,ROIs1970_57_patch_68
train,1036,1563,ROIs2017_130_patch_198
train,1037,996,ROIs1970_83_patch_201
train,1038,25,ROIs1868_127_patch_25
train,1039,101,ROIs1868_127_patch_101
train,1040,90,ROIs1868_127_patch_90
train,1041,459,ROIs1970_112_patch_189
train,1042,337,ROIs1970_112_patch_67
train,1043,122,ROIs1868_127_patch_122
train,1044,580,ROIs1970_57_patch_40
train,1045,829,ROIs1970_83_patch_34
train,1046,533,ROIs1970_112_patch_263
train,1047,292,ROIs1970_112_patch_22
train,1048,452,ROIs1970_112_patch_182
train,1049,1614,ROIs2017_130_patch_249
train,1050,1183,ROIs2017_115_patch_103
train,1051,1322,ROIs2017_115_patch_242
train,1052,1278,ROIs2017_115_patch_198
train,1053,521,ROIs1970_112_patch_251
train,1054,1136,ROIs2017_115_patch_56
train,1055,1190,ROIs2017_115_patch_110
train,1056,96,ROIs1868_127_patch_96
train,1057,259,ROIs1868_127_patch_259
train,1058,1645,ROIs2017_69_patch_10
train,1059,1008,ROIs1970_83_patch_213
train,1060,1888,ROIs2017_69_patch_253
train,1061,342,ROIs1970_112_patch_72
train,1062,445,ROIs1970_112_patch_175
train,1063,1504,ROIs2017_130_patch_139
train,1064,162,ROIs1868_127_patch_162
train,1065,382,ROIs1970_112_patch_112
train,1066,1894,ROIs2017_69_patch_259
train,1067,784,ROIs1970_57_patch_244
train,1068,1404,ROIs2017_130_patch_39
train,1069,1531,ROIs2017_130_patch_166
train,1070,1312,ROIs2017_115_patch_232
train,1071,444,ROIs1970_112_patch_174
train,1072,1097,ROIs2017_115_patch_17
train,1073,1447,ROIs2017_130_patch_82
train,1074,1280,ROIs2017_115_patch_200
train,1075,872,ROIs1970_83_patch_77
train,1076,168,ROIs1868_127_patch_168
train,1077,50,ROIs1868_127_patch_50
train,1078,1687,ROIs2017_69_patch_52
train,1079,1593,ROIs2017_130_patch_228
train,1080,1610,ROIs2017_130_patch_245
train,1081,98,ROIs1868_127_patch_98
train,1082,1242,ROIs2017_115_patch_162
train,1083,769,ROIs1970_57_patch_229
train,1084,642,ROIs1970_57_patch_102
train,1085,1309,ROIs2017_115_patch_229
train,1086,888,ROIs1970_83_patch_93
train,1087,433,ROIs1970_112_patch_163
train,1088,302,ROIs1970_112_patch_32
train,1089,1263,ROIs2017_115_patch_183
train,1090,1169,ROIs2017_115_patch_89
train,1091,1656,ROIs2017_69_patch_21
train,1092,1295,ROIs2017_115_patch_215
train,1093,243,ROIs1868_127_patch_243
train,1094,921,ROIs1970_83_patch_126
train,1095,1438,ROIs2017_130_patch_73
train,1096,1161,ROIs2017_115_patch_81
train,1097,877,ROIs1970_83_patch_82
train,1098,640,ROIs1970_57_patch_100
train,1099,1541,ROIs2017_130_patch_176
train,1100,24,ROIs1868_127_patch_24
train,1101,703,ROIs1970_57_patch_163
train,1102,980,ROIs1970_83_patch_185
train,1103,1173,ROIs2017_115_patch_93
train,1104,935,ROIs1970_83_patch_140
train,1105,1519,ROIs2017_130_patch_154
train,1106,440,ROIs1970_112_patch_170
train,1107,1512,ROIs2017_130_patch_147
train,1108,1137,ROIs2017_115_patch_57
train,1109,822,ROIs1970_83_patch_27
train,1110,1014,ROIs1970_83_patch_219
train,1111,310,ROIs1970_112_patch_40
train,1112,511,ROIs1970_112_patch_241
train,1113,583,ROIs1970_57_patch_43
train,1114,1518,ROIs2017_130_patch_153
train,1115,458,ROIs1970_112_patch_188
train,1116,274,ROIs1970_112_patch_4
train,1117,109,ROIs1868_127_patch_109
train,1118,856,ROIs1970_83_patch_61
train,1119,522,ROIs1970_112_patch_252
train,1120,11,ROIs1868_127_patch_11
train,1121,462,ROIs1970_112_patch_192
train,1122,1236,ROIs2017_115_patch_156
train,1123,232,ROIs1868_127_patch_232
train,1124,633,ROIs1970_57_patch_93
train,1125,1567,ROIs2017_130_patch_202
train,1126,1241,ROIs2017_115_patch_161
train,1127,989,ROIs1970_83_patch_194
train,1128,1725,ROIs2017_69_patch_90
train,1129,280,ROIs1970_112_patch_10
train,1130,875,ROIs1970_83_patch_80
train,1131,1083,ROIs2017_115_patch_3
train,1132,1833,ROIs2017_69_patch_198
train,1133,324,ROIs1970_112_patch_54
train,1134,1566,ROIs2017_130_patch_201
train,1135,249,ROIs1868_127_patch_249
train,1136,172,ROIs1868_127_patch_172
train,1137,696,ROIs1970_57_patch_156
train,1138,1505,ROIs2017_130_patch_140
train,1139,1010,ROIs1970_83_patch_215
train,1140,1477,ROIs2017_130_patch_112
train,1141,1327,ROIs2017_115_patch_247
train,1142,910,ROIs1970_83_patch_115
train,1143,861,ROIs1970_83_patch_66
train,1144,88,ROIs1868_127_patch_88
train,1145,99,ROIs1868_127_patch_99
train,1146,357,ROIs1970_112_patch_87
train,1147,437,ROIs1970_112_patch_167
train,1148,80,ROIs1868_127_patch_80
train,1149,1292,ROIs2017_115_patch_212
train,1150,764,ROIs1970_57_patch_224
train,1151,175,ROIs1868_127_patch_175
train,1152,395,ROIs1970_112_patch_125
train,1153,1716,ROIs2017_69_patch_81
train,1154,699,ROIs1970_57_patch_159
train,1155,1483,ROIs2017_130_patch_118
train,1156,1717,ROIs2017_69_patch_82
train,1157,673,ROIs1970_57_patch_133
train,1158,623,ROIs1970_57_patch_83
train,1159,1697,ROIs2017_69_patch_62
train,1160,1479,ROIs2017_130_patch_114
train,1161,1060,ROIs1970_83_patch_265
train,1162,1651,ROIs2017_69_patch_16
train,1163,553,ROIs1970_57_patch_13
train,1164,981,ROIs1970_83_patch_186
train,1165,218,ROIs1868_127_patch_218
train,1166,1110,ROIs2017_115_patch_30
train,1167,185,ROIs1868_127_patch_185
train,1168,77,ROIs1868_127_patch_77
train,1169,900,ROIs1970_83_patch_105
train,1170,371,ROIs1970_112_patch_101
train,1171,904,ROIs1970_83_patch_109
train,1172,1390,ROIs2017_130_patch_25
train,1173,21,ROIs1868_127_patch_21
train,1174,1882,ROIs2017_69_patch_247
train,1175,595,ROIs1970_57_patch_55
train,1176,1718,ROIs2017_69_patch_83
train,1177,1476,ROIs2017_130_patch_111
train,1178,152,ROIs1868_127_patch_152
train,1179,420,ROIs1970_112_patch_150
train,1180,918,ROIs1970_83_patch_123
train,1181,192,ROIs1868_127_patch_192
train,1182,1679,ROIs2017_69_patch_44
train,1183,1484,ROIs2017_130_patch_119
train,1184,1863,ROIs2017_69_patch_228
train,1185,787,ROIs1970_57_patch_247
train,1186,567,ROIs1970_57_patch_27
train,1187,851,ROIs1970_83_patch_56
train,1188,441,ROIs1970_112_patch_171
train,1189,530,ROIs1970_112_patch_260
train,1190,517,ROIs1970_112_patch_247
train,1191,1419,ROIs2017_130_patch_54
train,1192,1388,ROIs2017_130_patch_23
train,1193,329,ROIs1970_112_patch_59
train,1194,301,ROIs1970_112_patch_31
train,1195,1330,ROIs2017_115_patch_250
train,1196,876,ROIs1970_83_patch_81
train,1197,478,ROIs1970_112_patch_208
train,1198,1530,ROIs2017_130_patch_165
train,1199,676,ROIs1970_57_patch_136
train,1200,1844,ROIs2017_69_patch_209
train,1201,403,ROIs1970_112_patch_133
train,1202,74,ROIs1868_127_patch_74
train,1203,647,ROIs1970_57_patch_107
train,1204,728,ROIs1970_57_patch_188
train,1205,230,ROIs1868_127_patch_230
train,1206,519,ROIs1970_112_patch_249
train,1207,256,ROIs1868_127_patch_256
train,1208,737,ROIs1970_57_patch_197
train,1209,235,ROIs1868_127_patch_235
train,1210,1796,ROIs2017_69_patch_161
train,1211,182,ROIs1868_127_patch_182
train,1212,858,ROIs1970_83_patch_63
train,1213,504,ROIs1970_112_patch_234
train,1214,1287,ROIs2017_115_patch_207
train,1215,1124,ROIs2017_115_patch_44
train,1216,1229,ROIs2017_115_patch_149
train,1217,294,ROIs1970_112_patch_24
train,1218,625,ROIs1970_57_patch_85
train,1219,894,ROIs1970_83_patch_99
train,1220,759,ROIs1970_57_patch_219
train,1221,1544,ROIs2017_130_patch_179
train,1222,330,ROIs1970_112_patch_60
train,1223,1711,ROIs2017_69_patch_76
train,1224,505,ROIs1970_112_patch_235
train,1225,903,ROIs1970_83_patch_108
train,1226,1055,ROIs1970_83_patch_260
train,1227,1238,ROIs2017_115_patch_158
train,1228,1397,ROIs2017_130_patch_32
train,1229,1686,ROIs2017_69_patch_51
train,1230,136,ROIs1868_127_patch_136
train,1231,1275,ROIs2017_115_patch_195
train,1232,1580,ROIs2017_130_patch_215
train,1233,1584,ROIs2017_130_patch_219
train,1234,59,ROIs1868_127_patch_59
train,1235,1112,ROIs2017_115_patch_32
train,1236,1636,ROIs2017_69_patch_1
train,1237,166,ROIs1868_127_patch_166
train,1238,655,ROIs1970_57_patch_115
train,1239,1520,ROIs2017_130_patch_155
train,1240,1540,ROIs2017_130_patch_175
train,1241,374,ROIs1970_112_patch_104
train,1242,496,ROIs1970_112_patch_226
train,1243,414,ROIs1970_112_patch_144
train,1244,1226,ROIs2017_115_patch_146
train,1245,154,ROIs1868_127_patch_154
train,1246,860,ROIs1970_83_patch_65
train,1247,531,ROIs1970_112_patch_261
train,1248,1465,ROIs2017_130_patch_100
train,1249,1345,ROIs2017_115_patch_265
train,1250,1662,ROIs2017_69_patch_27
train,1251,1284,ROIs2017_115_patch_204
train,1252,669,ROIs1970_57_patch_129
train,1253,1627,ROIs2017_130_patch_262
train,1254,1408,ROIs2017_130_patch_43
train,1255,36,ROIs1868_127_patch_36
train,1256,191,ROIs1868_127_patch_191
train,1257,1748,ROIs2017_69_patch_113
train,1258,7,ROIs1868_127_patch_7
train,1259,1498,ROIs2017_130_patch_133
train,1260,802,ROIs1970_83_patch_7
train,1261,325,ROIs1970_112_patch_55
train,1262,957,ROIs1970_83_patch_162
train,1263,208,ROIs1868_127_patch_208
train,1264,228,ROIs1868_127_patch_228
train,1265,1201,ROIs2017_115_patch_121
train,1266,950,ROIs1970_83_patch_155
train,1267,1318,ROIs2017_115_patch_238
train,1268,155,ROIs1868_127_patch_155
train,1269,948,ROIs1970_83_patch_153
train,1270,133,ROIs1868_127_patch_133
train,1271,920,ROIs1970_83_patch_125
train,1272,442,ROIs1970_112_patch_172
train,1273,225,ROIs1868_127_patch_225
train,1274,611,ROIs1970_57_patch_71
train,1275,1633,ROIs2017_130_patch_268
train,1276,796,ROIs1970_83_patch_1
train,1277,667,ROIs1970_57_patch_127
train,1278,1652,ROIs2017_69_patch_17
train,1279,1304,ROIs2017_115_patch_224
train,1280,1609,ROIs2017_130_patch_244
train,1281,1611,ROIs2017_130_patch_246
train,1282,527,ROIs1970_112_patch_257
train,1283,1427,ROIs2017_130_patch_62
train,1284,1354,ROIs2017_115_patch_274
train,1285,689,ROIs1970_57_patch_149
train,1286,930,ROIs1970_83_patch_135
train,1287,870,ROIs1970_83_patch_75
train,1288,925,ROIs1970_83_patch_130
train,1289,56,ROIs1868_127_patch_56
train,1290,1402,ROIs2017_130_patch_37
train,1291,100,ROIs1868_127_patch_100
train,1292,189,ROIs1868_127_patch_189
train,1293,1068,ROIs1970_83_patch_273
train,1294,1737,ROIs2017_69_patch_102
train,1295,322,ROIs1970_112_patch_52
train,1296,523,ROIs1970_112_patch_253
train,1297,247,ROIs1868_127_patch_247
train,1298,971,ROIs1970_83_patch_176
train,1299,1445,ROIs2017_130_patch_80
train,1300,55,ROIs1868_127_patch_55
train,1301,579,ROIs1970_57_patch_39
train,1302,1374,ROIs2017_130_patch_9
train,1303,1571,ROIs2017_130_patch_206
train,1304,1521,ROIs2017_130_patch_156
train,1305,890,ROIs1970_83_patch_95
train,1306,785,ROIs1970_57_patch_245
train,1307,58,ROIs1868_127_patch_58
train,1308,671,ROIs1970_57_patch_131
train,1309,1608,ROIs2017_130_patch_243
train,1310,1168,ROIs2017_115_patch_88
train,1311,1742,ROIs2017_69_patch_107
train,1312,899,ROIs1970_83_patch_104
train,1313,299,ROIs1970_112_patch_29
train,1314,778,ROIs1970_57_patch_238
train,1315,1542,ROIs2017_130_patch_177
train,1316,761,ROIs1970_57_patch_221
train,1317,566,ROIs1970_57_patch_26
train,1318,46,ROIs1868_127_patch_46
train,1319,1708,ROIs2017_69_patch_73
train,1320,1719,ROIs2017_69_patch_84
train,1321,351,ROIs1970_112_patch_81
train,1322,1392,ROIs2017_130_patch_27
train,1323,651,ROIs1970_57_patch_111
train,1324,1764,ROIs2017_69_patch_129
train,1325,811,ROIs1970_83_patch_16
train,1326,449,ROIs1970_112_patch_179
train,1327,922,ROIs1970_83_patch_127
train,1328,261,ROIs1868_127_patch_261
train,1329,1036,ROIs1970_83_patch_241
train,1330,694,ROIs1970_57_patch_154
train,1331,127,ROIs1868_127_patch_127
train,1332,1114,ROIs2017_115_patch_34
train,1333,707,ROIs1970_57_patch_167
train,1334,1487,ROIs2017_130_patch_122
train,1335,1852,ROIs2017_69_patch_217
train,1336,1802,ROIs2017_69_patch_167
train,1337,873,ROIs1970_83_patch_78
train,1338,174,ROIs1868_127_patch_174
train,1339,1865,ROIs2017_69_patch_230
train,1340,1710,ROIs2017_69_patch_75
train,1341,763,ROIs1970_57_patch_223
train,1342,164,ROIs1868_127_patch_164
train,1343,1632,ROIs2017_130_patch_267
train,1344,345,ROIs1970_112_patch_75
train,1345,539,ROIs1970_112_patch_269
train,1346,1141,ROIs2017_115_patch_61
train,1347,805,ROIs1970_83_patch_10
train,1348,919,ROIs1970_83_patch_124
train,1349,911,ROIs1970_83_patch_116
train,1350,184,ROIs1868_127_patch_184
train,1351,548,ROIs1970_57_patch_8
train,1352,1422,ROIs2017_130_patch_57
train,1353,1625,ROIs2017_130_patch_260
train,1354,1155,ROIs2017_115_patch_75
train,1355,399,ROIs1970_112_patch_129
train,1356,1795,ROIs2017_69_patch_160
train,1357,1845,ROIs2017_69_patch_210
train,1358,1889,ROIs2017_69_patch_254
train,1359,1565,ROIs2017_130_patch_200
train,1360,45,ROIs1868_127_patch_45
train,1361,603,ROIs1970_57_patch_63
train,1362,1444,ROIs2017_130_patch_79
train,1363,1517,ROIs2017_130_patch_152
train,1364,1823,ROIs2017_69_patch_188
train,1365,1246,ROIs2017_115_patch_166
train,1366,477,ROIs1970_112_patch_207
train,1367,64,ROIs1868_127_patch_64
train,1368,1164,ROIs2017_115_patch_84
train,1369,1411,ROIs2017_130_patch_46
train,1370,781,ROIs1970_57_patch_241
train,1371,8,ROIs1868_127_patch_8
train,1372,1635,ROIs2017_69_patch_0
train,1373,1583,ROIs2017_130_patch_218
train,1374,1200,ROIs2017_115_patch_120
train,1375,241,ROIs1868_127_patch_241
train,1376,151,ROIs1868_127_patch_151
train,1377,177,ROIs1868_127_patch_177
train,1378,333,ROIs1970_112_patch_63
train,1379,629,ROIs1970_57_patch_89
train,1380,1453,ROIs2017_130_patch_88
train,1381,293,ROIs1970_112_patch_23
train,1382,1760,ROIs2017_69_patch_125
train,1383,636,ROIs1970_57_patch_96
train,1384,1239,ROIs2017_115_patch_159
train,1385,1115,ROIs2017_115_patch_35
train,1386,727,ROIs1970_57_patch_187
train,1387,273,ROIs1970_112_patch_3
train,1388,1394,ROIs2017_130_patch_29
train,1389,1266,ROIs2017_115_patch_186
train,1390,1184,ROIs2017_115_patch_104
train,1391,1619,ROIs2017_130_patch_254
train,1392,1743,ROIs2017_69_patch_108
train,1393,313,ROIs1970_112_patch_43
train,1394,1904,ROIs2017_69_patch_269
train,1395,982,ROIs1970_83_patch_187
train,1396,1367,ROIs2017_130_patch_2
train,1397,153,ROIs1868_127_patch_153
train,1398,564,ROIs1970_57_patch_24
train,1399,1806,ROIs2017_69_patch_171
train,1400,331,ROIs1970_112_patch_61
train,1401,1862,ROIs2017_69_patch_227
train,1402,1848,ROIs2017_69_patch_213
train,1403,606,ROIs1970_57_patch_66
train,1404,1264,ROIs2017_115_patch_184
train,1405,57,ROIs1868_127_patch_57
train,1406,97,ROIs1868_127_patch_97
train,1407,1774,ROIs2017_69_patch_139
train,1408,1814,ROIs2017_69_patch_179
train,1409,1086,ROIs2017_115_patch_6
train,1410,1029,ROIs1970_83_patch_234
train,1411,393,ROIs1970_112_patch_123
train,1412,1488,ROIs2017_130_patch_123
train,1413,85,ROIs1868_127_patch_85
train,1414,1509,ROIs2017_130_patch_144
train,1415,1550,ROIs2017_130_patch_185
train,1416,725,ROIs1970_57_patch_185
train,1417,1638,ROIs2017_69_patch_3
train,1418,1846,ROIs2017_69_patch_211
train,1419,1342,ROIs2017_115_patch_262
train,1420,1728,ROIs2017_69_patch_93
train,1421,993,ROIs1970_83_patch_198
train,1422,421,ROIs1970_112_patch_151
train,1423,1781,ROIs2017_69_patch_146
train,1424,681,ROIs1970_57_patch_141
train,1425,473,ROIs1970_112_patch_203
train,1426,1604,ROIs2017_130_patch_239
train,1427,364,ROIs1970_112_patch_94
train,1428,1613,ROIs2017_130_patch_248
train,1429,679,ROIs1970_57_patch_139
train,1430,780,ROIs1970_57_patch_240
train,1431,1885,ROIs2017_69_patch_250
train,1432,581,ROIs1970_57_patch_41
train,1433,1130,ROIs2017_115_patch_50
train,1434,116,ROIs1868_127_patch_116
train,1435,823,ROIs1970_83_patch_28
train,1436,355,ROIs1970_112_patch_85
train,1437,736,ROIs1970_57_patch_196
train,1438,75,ROIs1868_127_patch_75
train,1439,398,ROIs1970_112_patch_128
train,1440,557,ROIs1970_57_patch_17
train,1441,1740,ROIs2017_69_patch_105
train,1442,1515,ROIs2017_130_patch_150
train,1443,1596,ROIs2017_130_patch_231
train,1444,1250,ROIs2017_115_patch_170
train,1445,641,ROIs1970_57_patch_101
train,1446,1683,ROIs2017_69_patch_48
train,1447,198,ROIs1868_127_patch_198
train,1448,1363,ROIs2017_115_patch_283
train,1449,589,ROIs1970_57_patch_49
train,1450,1223,ROIs2017_115_patch_143
train,1451,1209,ROIs2017_115_patch_129
train,1452,417,ROIs1970_112_patch_147
train,1453,209,ROIs1868_127_patch_209
train,1454,1810,ROIs2017_69_patch_175
train,1455,9,ROIs1868_127_patch_9
train,1456,535,ROIs1970_112_patch_265
train,1457,1500,ROIs2017_130_patch_135
train,1458,1881,ROIs2017_69_patch_246
train,1459,1208,ROIs2017_115_patch_128
train,1460,909,ROIs1970_83_patch_114
train,1461,0,ROIs1868_127_patch_0
train,1462,702,ROIs1970_57_patch_162
train,1463,1897,ROIs2017_69_patch_262
train,1464,598,ROIs1970_57_patch_58
train,1465,1189,ROIs2017_115_patch_109
train,1466,748,ROIs1970_57_patch_208
train,1467,675,ROIs1970_57_patch_135
train,1468,1691,ROIs2017_69_patch_56
train,1469,1152,ROIs2017_115_patch_72
train,1470,755,ROIs1970_57_patch_215
train,1471,4,ROIs1868_127_patch_4
train,1472,1416,ROIs2017_130_patch_51
train,1473,830,ROIs1970_83_patch_35
train,1474,439,ROIs1970_112_patch_169
train,1475,1222,ROIs2017_115_patch_142
train,1476,1340,ROIs2017_115_patch_260
train,1477,692,ROIs1970_57_patch_152
train,1478,1003,ROIs1970_83_patch_208
train,1479,34,ROIs1868_127_patch_34
train,1480,356,ROIs1970_112_patch_86
train,1481,170,ROIs1868_127_patch_170
train,1482,1761,ROIs2017_69_patch_126
train,1483,1657,ROIs2017_69_patch_22
train,1484,1578,ROIs2017_130_patch_213
train,1485,401,ROIs1970_112_patch_131
train,1486,795,ROIs1970_83_patch_0
train,1487,1507,ROIs2017_130_patch_142
train,1488,997,ROIs1970_83_patch_202
train,1489,644,ROIs1970_57_patch_104
train,1490,1166,ROIs2017_115_patch_86
train,1491,447,ROIs1970_112_patch_177
train,1492,518,ROIs1970_112_patch_248
train,1493,563,ROIs1970_57_patch_23
train,1494,336,ROIs1970_112_patch_66
train,1495,1820,ROIs2017_69_patch_185
train,1496,343,ROIs1970_112_patch_73
train,1497,597,ROIs1970_57_patch_57
train,1498,844,ROIs1970_83_patch_49
train,1499,1058,ROIs1970_83_patch_263
train,1500,497,ROIs1970_112_patch_227
train,1501,311,ROIs1970_112_patch_41
train,1502,1463,ROIs2017_130_patch_98
train,1503,754,ROIs1970_57_patch_214
train,1504,1218,ROIs2017_115_patch_138
train,1505,1191,ROIs2017_115_patch_111
train,1506,1148,ROIs2017_115_patch_68
train,1507,1612,ROIs2017_130_patch_247
train,1508,1022,ROIs1970_83_patch_227
train,1509,1344,ROIs2017_115_patch_264
train,1510,1776,ROIs2017_69_patch_141
train,1511,942,ROIs1970_83_patch_147
train,1512,906,ROIs1970_83_patch_111
train,1513,1409,ROIs2017_130_patch_44
train,1514,1098,ROIs2017_115_patch_18
train,1515,130,ROIs1868_127_patch_130
train,1516,1418,ROIs2017_130_patch_53
train,1517,1830,ROIs2017_69_patch_195
train,1518,190,ROIs1868_127_patch_190
train,1519,1303,ROIs2017_115_patch_223
train,1520,1749,ROIs2017_69_patch_114
train,1521,607,ROIs1970_57_patch_67
train,1522,825,ROIs1970_83_patch_30
train,1523,92,ROIs1868_127_patch_92
train,1524,677,ROIs1970_57_patch_137
train,1525,628,ROIs1970_57_patch_88
train,1526,326,ROIs1970_112_patch_56
train,1527,715,ROIs1970_57_patch_175
train,1528,949,ROIs1970_83_patch_154
train,1529,27,ROIs1868_127_patch_27
train,1530,1537,ROIs2017_130_patch_172
train,1531,1025,ROIs1970_83_patch_230
train,1532,1439,ROIs2017_130_patch_74
train,1533,1277,ROIs2017_115_patch_197
train,1534,396,ROIs1970_112_patch_126
train,1535,1270,ROIs2017_115_patch_190
validation,0,53,ROIs1868_127_patch_53
validation,1,558,ROIs1970_57_patch_18
validation,2,584,ROIs1970_57_patch_44
validation,3,616,ROIs1970_57_patch_76
validation,4,630,ROIs1970_57_patch_90
validation,5,1533,ROIs2017_130_patch_168
validation,6,532,ROIs1970_112_patch_262
validation,7,1113,ROIs2017_115_patch_33
validation,8,612,ROIs1970_57_patch_72
validation,9,1080,ROIs2017_115_patch_0
validation,10,173,ROIs1868_127_patch_173
validation,11,1090,ROIs2017_115_patch_10
validation,12,838,ROIs1970_83_patch_43
validation,13,17,ROIs1868_127_patch_17
validation,14,897,ROIs1970_83_patch_102
validation,15,1306,ROIs2017_115_patch_226
validation,16,1311,ROIs2017_115_patch_231
validation,17,1131,ROIs2017_115_patch_51
validation,18,388,ROIs1970_112_patch_118
validation,19,1118,ROIs2017_115_patch_38
validation,20,1528,ROIs2017_130_patch_163
validation,21,1426,ROIs2017_130_patch_61
validation,22,1257,ROIs2017_115_patch_177
validation,23,1460,ROIs2017_130_patch_95
validation,24,1714,ROIs2017_69_patch_79
validation,25,1407,ROIs2017_130_patch_42
validation,26,144,ROIs1868_127_patch_144
validation,27,1734,ROIs2017_69_patch_99
validation,28,258,ROIs1868_127_patch_258
validation,29,1731,ROIs2017_69_patch_96
validation,30,526,ROIs1970_112_patch_256
validation,31,367,ROIs1970_112_patch_97
validation,32,1834,ROIs2017_69_patch_199
validation,33,126,ROIs1868_127_patch_126
validation,34,1104,ROIs2017_115_patch_24
validation,35,638,ROIs1970_57_patch_98
validation,36,791,ROIs1970_57_patch_251
validation,37,265,ROIs1868_127_patch_265
validation,38,223,ROIs1868_127_patch_223
validation,39,461,ROIs1970_112_patch_191
validation,40,1457,ROIs2017_130_patch_92
validation,41,139,ROIs1868_127_patch_139
validation,42,456,ROIs1970_112_patch_186
validation,43,1905,ROIs2017_69_patch_270
validation,44,1663,ROIs2017_69_patch_28
validation,45,1412,ROIs2017_130_patch_47
validation,46,1568,ROIs2017_130_patch_203
validation,47,1763,ROIs2017_69_patch_128
validation,48,883,ROIs1970_83_patch_88
validation,49,1661,ROIs2017_69_patch_26
validation,50,1678,ROIs2017_69_patch_43
validation,51,493,ROIs1970_112_patch_223
validation,52,1606,ROIs2017_130_patch_241
validation,53,1813,ROIs2017_69_patch_178
validation,54,541,ROIs1970_57_patch_1
validation,55,1757,ROIs2017_69_patch_122
validation,56,276,ROIs1970_112_patch_6
validation,57,296,ROIs1970_112_patch_26
validation,58,1673,ROIs2017_69_patch_38
validation,59,222,ROIs1868_127_patch_222
validation,60,1707,ROIs2017_69_patch_72
validation,61,183,ROIs1868_127_patch_183
validation,62,257,ROIs1868_127_patch_257
validation,63,615,ROIs1970_57_patch_75
validation,64,1478,ROIs2017_130_patch_113
validation,65,742,ROIs1970_57_patch_202
validation,66,376,ROIs1970_112_patch_106
validation,67,810,ROIs1970_83_patch_15
validation,68,661,ROIs1970_57_patch_121
validation,69,365,ROIs1970_112_patch_95
validation,70,156,ROIs1868_127_patch_156
validation,71,1298,ROIs2017_115_patch_218
validation,72,1701,ROIs2017_69_patch_66
validation,73,1653,ROIs2017_69_patch_18
validation,74,202,ROIs1868_127_patch_202
validation,75,1334,ROIs2017_115_patch_254
validation,76,1197,ROIs2017_115_patch_117
validation,77,1482,ROIs2017_130_patch_117
validation,78,106,ROIs1868_127_patch_106
validation,79,323,ROIs1970_112_patch_53
validation,80,1448,ROIs2017_130_patch_83
validation,81,1558,ROIs2017_130_patch_193
validation,82,1179,ROIs2017_115_patch_99
validation,83,1854,ROIs2017_69_patch_219
validation,84,902,ROIs1970_83_patch_107
validation,85,1049,ROIs1970_83_patch_254
validation,86,297,ROIs1970_112_patch_27
validation,87,216,ROIs1868_127_patch_216
validation,88,1268,ROIs2017_115_patch_188
validation,89,277,ROIs1970_112_patch_7
validation,90,1336,ROIs2017_115_patch_256
validation,91,1393,ROIs2017_130_patch_28
validation,92,65,ROIs1868_127_patch_65
validation,93,1456,ROIs2017_130_patch_91
validation,94,1052,ROIs1970_83_patch_257
validation,95,5,ROIs1868_127_patch_5
validation,96,1735,ROIs2017_69_patch_100
validation,97,1495,ROIs2017_130_patch_130
validation,98,1175,ROIs2017_115_patch_95
validation,99,988,ROIs1970_83_patch_193
validation,100,117,ROIs1868_127_patch_117
validation,101,721,ROIs1970_57_patch_181
validation,102,1788,ROIs2017_69_patch_153
validation,103,315,ROIs1970_112_patch_45
validation,104,1819,ROIs2017_69_patch_184
validation,105,1305,ROIs2017_115_patch_225
validation,106,1794,ROIs2017_69_patch_159
validation,107,520,ROIs1970_112_patch_250
validation,108,543,ROIs1970_57_patch_3
validation,109,1214,ROIs2017_115_patch_134
validation,110,917,ROIs1970_83_patch_122
validation,111,731,ROIs1970_57_patch_191
validation,112,1091,ROIs2017_115_patch_11
validation,113,1147,ROIs2017_115_patch_67
validation,114,1070,ROIs1970_83_patch_275
validation,115,68,ROIs1868_127_patch_68
validation,116,892,ROIs1970_83_patch_97
validation,117,1486,ROIs2017_130_patch_121
validation,118,464,ROIs1970_112_patch_194
validation,119,783,ROIs1970_57_patch_243
validation,120,115,ROIs1868_127_patch_115
validation,121,1883,ROIs2017_69_patch_248
validation,122,1372,ROIs2017_130_patch_7
validation,123,752,ROIs1970_57_patch_212
validation,124,383,ROIs1970_112_patch_113
validation,125,1122,ROIs2017_115_patch_42
validation,126,582,ROIs1970_57_patch_42
validation,127,1039,ROIs1970_83_patch_244
validation,128,1213,ROIs2017_115_patch_133
validation,129,574,ROIs1970_57_patch_34
validation,130,1594,ROIs2017_130_patch_229
validation,131,1870,ROIs2017_69_patch_235
validation,132,1111,ROIs2017_115_patch_31
validation,133,1792,ROIs2017_69_patch_157
validation,134,706,ROIs1970_57_patch_166
validation,135,1674,ROIs2017_69_patch_39
validation,136,233,ROIs1868_127_patch_233
validation,137,1607,ROIs2017_130_patch_242
validation,138,691,ROIs1970_57_patch_151
validation,139,1417,ROIs2017_130_patch_52
validation,140,1071,ROIs1970_83_patch_276
validation,141,711,ROIs1970_57_patch_171
validation,142,1538,ROIs2017_130_patch_173
validation,143,252,ROIs1868_127_patch_252
validation,144,741,ROIs1970_57_patch_201
validation,145,1396,ROIs2017_130_patch_31
validation,146,1211,ROIs2017_115_patch_131
validation,147,1429,ROIs2017_130_patch_64
validation,148,1906,ROIs2017_69_patch_271
validation,149,513,ROIs1970_112_patch_243
validation,150,799,ROIs1970_83_patch_4
validation,151,1384,ROIs2017_130_patch_19
validation,152,1138,ROIs2017_115_patch_58
validation,153,1688,ROIs2017_69_patch_53
validation,154,1681,ROIs2017_69_patch_46
validation,155,1045,ROIs1970_83_patch_250
validation,156,961,ROIs1970_83_patch_166
validation,157,743,ROIs1970_57_patch_203
validation,158,1824,ROIs2017_69_patch_189
validation,159,619,ROIs1970_57_patch_79
validation,160,766,ROIs1970_57_patch_226
validation,161,1727,ROIs2017_69_patch_92
validation,162,147,ROIs1868_127_patch_147
validation,163,827,ROIs1970_83_patch_32
validation,164,1117,ROIs2017_115_patch_37
validation,165,1547,ROIs2017_130_patch_182
validation,166,1892,ROIs2017_69_patch_257
validation,167,39,ROIs1868_127_patch_39
validation,168,82,ROIs1868_127_patch_82
validation,169,1546,ROIs2017_130_patch_181
validation,170,963,ROIs1970_83_patch_168
validation,171,178,ROIs1868_127_patch_178
validation,172,658,ROIs1970_57_patch_118
validation,173,1592,ROIs2017_130_patch_227
validation,174,425,ROIs1970_112_patch_155
validation,175,484,ROIs1970_112_patch_214
validation,176,415,ROIs1970_112_patch_145
validation,177,1204,ROIs2017_115_patch_124
validation,178,1331,ROIs2017_115_patch_251
validation,179,1207,ROIs2017_115_patch_127
validation,180,561,ROIs1970_57_patch_21
validation,181,912,ROIs1970_83_patch_117
validation,182,451,ROIs1970_112_patch_181
validation,183,1548,ROIs2017_130_patch_183
validation,184,1494,ROIs2017_130_patch_129
validation,185,1210,ROIs2017_115_patch_130
validation,186,1676,ROIs2017_69_patch_41
validation,187,685,ROIs1970_57_patch_145
validation,188,1291,ROIs2017_115_patch_211
validation,189,793,ROIs1970_57_patch_253
validation,190,632,ROIs1970_57_patch_92
validation,191,1018,ROIs1970_83_patch_223
test,0,1054,ROIs1970_83_patch_259
test,1,207,ROIs1868_127_patch_207
test,2,1715,ROIs2017_69_patch_80
test,3,1233,ROIs2017_115_patch_153
test,4,514,ROIs1970_112_patch_244
test,5,238,ROIs1868_127_patch_238
test,6,1377,ROIs2017_130_patch_12
test,7,1677,ROIs2017_69_patch_42
test,8,878,ROIs1970_83_patch_83
test,9,1624,ROIs2017_130_patch_259
test,10,1145,ROIs2017_115_patch_65
test,11,1009,ROIs1970_83_patch_214
test,12,469,ROIs1970_112_patch_199
test,13,962,ROIs1970_83_patch_167
test,14,1194,ROIs2017_115_patch_114
test,15,93,ROIs1868_127_patch_93
test,16,1556,ROIs2017_130_patch_191
test,17,1851,ROIs2017_69_patch_216
test,18,1569,ROIs2017_130_patch_204
test,19,1089,ROIs2017_115_patch_9
test,20,745,ROIs1970_57_patch_205
test,21,423,ROIs1970_112_patch_153
test,22,23,ROIs1868_127_patch_23
test,23,821,ROIs1970_83_patch_26
test,24,29,ROIs1868_127_patch_29
test,25,1401,ROIs2017_130_patch_36
test,26,789,ROIs1970_57_patch_249
test,27,1791,ROIs2017_69_patch_156
test,28,788,ROIs1970_57_patch_248
test,29,1079,ROIs1970_83_patch_284
test,30,1347,ROIs2017_115_patch_267
test,31,503,ROIs1970_112_patch_233
test,32,1199,ROIs2017_115_patch_119
test,33,753,ROIs1970_57_patch_213
test,34,848,ROIs1970_83_patch_53
test,35,1294,ROIs2017_115_patch_214
test,36,801,ROIs1970_83_patch_6
test,37,682,ROIs1970_57_patch_142
test,38,955,ROIs1970_83_patch_160
test,39,112,ROIs1868_127_patch_112
test,40,1188,ROIs2017_115_patch_108
test,41,402,ROIs1970_112_patch_132
test,42,1878,ROIs2017_69_patch_243
test,43,1817,ROIs2017_69_patch_182
test,44,1288,ROIs2017_115_patch_208
test,45,1821,ROIs2017_69_patch_186
test,46,1245,ROIs2017_115_patch_165
test,47,1302,ROIs2017_115_patch_222
test,48,1007,ROIs1970_83_patch_212
test,49,1705,ROIs2017_69_patch_70
test,50,271,ROIs1970_112_patch_1
test,51,510,ROIs1970_112_patch_240
test,52,1510,ROIs2017_130_patch_145
test,53,327,ROIs1970_112_patch_57
test,54,1127,ROIs2017_115_patch_47
test,55,486,ROIs1970_112_patch_216
test,56,1555,ROIs2017_130_patch_190
test,57,1004,ROIs1970_83_patch_209
test,58,1589,ROIs2017_130_patch_224
test,59,1511,ROIs2017_130_patch_146
test,60,1700,ROIs2017_69_patch_65
test,61,1373,ROIs2017_130_patch_8
test,62,1668,ROIs2017_69_patch_33
test,63,341,ROIs1970_112_patch_71
test,64,1489,ROIs2017_130_patch_124
test,65,1790,ROIs2017_69_patch_155
test,66,1492,ROIs2017_130_patch_127
test,67,321,ROIs1970_112_patch_51
test,68,659,ROIs1970_57_patch_119
test,69,578,ROIs1970_57_patch_38
test,70,303,ROIs1970_112_patch_33
test,71,118,ROIs1868_127_patch_118
test,72,960,ROIs1970_83_patch_165
test,73,453,ROIs1970_112_patch_183
test,74,160,ROIs1868_127_patch_160
test,75,683,ROIs1970_57_patch_143
test,76,1832,ROIs2017_69_patch_197
test,77,434,ROIs1970_112_patch_164
test,78,701,ROIs1970_57_patch_161
test,79,928,ROIs1970_83_patch_133
test,80,480,ROIs1970_112_patch_210
test,81,1446,ROIs2017_130_patch_81
test,82,1552,ROIs2017_130_patch_187
test,83,704,ROIs1970_57_patch_164
test,84,94,ROIs1868_127_patch_94
test,85,1317,ROIs2017_115_patch_237
test,86,1410,ROIs2017_130_patch_45
test,87,394,ROIs1970_112_patch_124
test,88,186,ROIs1868_127_patch_186
test,89,771,ROIs1970_57_patch_231
test,90,859,ROIs1970_83_patch_64
test,91,1395,ROIs2017_130_patch_30
test,92,1646,ROIs2017_69_patch_11
test,93,1570,ROIs2017_130_patch_205
test,94,1353,ROIs2017_115_patch_273
test,95,714,ROIs1970_57_patch_174
test,96,1297,ROIs2017_115_patch_217
test,97,360,ROIs1970_112_patch_90
test,98,1153,ROIs2017_115_patch_73
test,99,1185,ROIs2017_115_patch_105
test,100,1766,ROIs2017_69_patch_131
test,101,1471,ROIs2017_130_patch_106
test,102,1013,ROIs1970_83_patch_218
test,103,1356,ROIs2017_115_patch_276
test,104,1437,ROIs2017_130_patch_72
test,105,78,ROIs1868_127_patch_78
test,106,63,ROIs1868_127_patch_63
test,107,1618,ROIs2017_130_patch_253
test,108,537,ROIs1970_112_patch_267
test,109,482,ROIs1970_112_patch_212
test,110,3,ROIs1868_127_patch_3
test,111,450,ROIs1970_112_patch_180
test,112,1339,ROIs2017_115_patch_259
test,113,490,ROIs1970_112_patch_220
test,114,857,ROIs1970_83_patch_62
test,115,251,ROIs1868_127_patch_251
test,116,898,ROIs1970_83_patch_103
test,117,916,ROIs1970_83_patch_121
test,118,546,ROIs1970_57_patch_6
test,119,1809,ROIs2017_69_patch_174
test,120,1689,ROIs2017_69_patch_54
test,121,1078,ROIs1970_83_patch_283
test,122,1069,ROIs1970_83_patch_274
test,123,1,ROIs1868_127_patch_1
test,124,1035,ROIs1970_83_patch_240
test,125,1534,ROIs2017_130_patch_169
test,126,1158,ROIs2017_115_patch_78
test,127,203,ROIs1868_127_patch_203
test,128,1837,ROIs2017_69_patch_202
test,129,1095,ROIs2017_115_patch_15
test,130,1235,ROIs2017_115_patch_155
test,131,295,ROIs1970_112_patch_25
test,132,933,ROIs1970_83_patch_138
test,133,1474,ROIs2017_130_patch_109
test,134,1559,ROIs2017_130_patch_194
test,135,240,ROIs1868_127_patch_240
test,136,105,ROIs1868_127_patch_105
test,137,419,ROIs1970_112_patch_149
test,138,1751,ROIs2017_69_patch_116
test,139,1061,ROIs1970_83_patch_266
test,140,1896,ROIs2017_69_patch_261
test,141,1162,ROIs2017_115_patch_82
test,142,1508,ROIs2017_130_patch_143
test,143,1195,ROIs2017_115_patch_115
test,144,237,ROIs1868_127_patch_237
test,145,509,ROIs1970_112_patch_239
test,146,1875,ROIs2017_69_patch_240
test,147,6,ROIs1868_127_patch_6
test,148,1564,ROIs2017_130_patch_199
test,149,1698,ROIs2017_69_patch_63
test,150,1907,ROIs2017_69_patch_272
test,151,20,ROIs1868_127_patch_20
test,152,1023,ROIs1970_83_patch_228
test,153,1157,ROIs2017_115_patch_77
test,154,1724,ROIs2017_69_patch_89
test,155,132,ROIs1868_127_patch_132
test,156,1912,ROIs2017_69_patch_277
test,157,108,ROIs1868_127_patch_108
test,158,1839,ROIs2017_69_patch_204
test,159,734,ROIs1970_57_patch_194
test,160,413,ROIs1970_112_patch_143
test,161,316,ROIs1970_112_patch_46
test,162,1249,ROIs2017_115_patch_169
test,163,1880,ROIs2017_69_patch_245
test,164,430,ROIs1970_112_patch_160
test,165,915,ROIs1970_83_patch_120
test,166,952,ROIs1970_83_patch_157
test,167,813,ROIs1970_83_patch_18
test,168,1532,ROIs2017_130_patch_167
test,169,1116,ROIs2017_115_patch_36
test,170,1859,ROIs2017_69_patch_224
test,171,137,ROIs1868_127_patch_137
test,172,1703,ROIs2017_69_patch_68
test,173,141,ROIs1868_127_patch_141
test,174,1785,ROIs2017_69_patch_150
test,175,1582,ROIs2017_130_patch_217
test,176,643,ROIs1970_57_patch_103
test,177,119,ROIs1868_127_patch_119
test,178,12,ROIs1868_127_patch_12
test,179,968,ROIs1970_83_patch_173
test,180,1193,ROIs2017_115_patch_113
test,181,408,ROIs1970_112_patch_138
test,182,214,ROIs1868_127_patch_214
test,183,601,ROIs1970_57_patch_61
test,184,967,ROIs1970_83_patch_172
test,185,803,ROIs1970_83_patch_8
test,186,1551,ROIs2017_130_patch_186
test,187,363,ROIs1970_112_patch_93
test,188,424,ROIs1970_112_patch_154
test,189,958,ROIs1970_83_patch_163
test,190,1826,ROIs2017_69_patch_191
test,191,196,ROIs1868_127_patch_196
